0 verbose cli /usr/bin/node /usr/bin/npm
1 info using npm@10.8.2
2 info using node@v20.20.2
3 silly config load:file:/usr/lib/node_modules/npm/npmrc
4 silly config load:file:/home/user/server/.npmrc
5 silly config load:file:/home/user/.npmrc
6 silly config load:file:/usr/etc/npmrc
7 verbose title npm install
8 verbose argv "install"
9 verbose logfile logs-max:10 dir:/home/user/.npm/_logs/2026-09-17T08_43_13_905Z-
10 verbose logfile /home/user/.npm/_logs/2026-09-17T08_43_13_905Z-debug-0.log
11 silly packumentCache heap:998768640 maxSize:249692160 maxEntrySize:124846080
12 silly logfile done cleaning log files
13 silly idealTree buildDeps
14 silly fetch manifest express@^4.18.2
15 silly packumentCache full:https://registry.npmjs.org/express cache-miss
16 http fetch GET 200 https://registry.npmjs.org/express 12ms (cache hit)
17 silly packumentCache full:https://registry.npmjs.org/express set size:808956 disposed:false
18 silly fetch manifest cors@^2.8.5
19 silly packumentCache full:https://registry.npmjs.org/cors cache-miss
20 http fetch GET 200 https://registry.npmjs.org/cors 3ms (cache hit)
21 silly packumentCache full:https://registry.npmjs.org/cors set size:77956 disposed:false
22 silly fetch manifest dotenv@^16.3.1
23 silly packumentCache full:https://registry.npmjs.org/dotenv cache-miss
24 http fetch GET 200 https://registry.npmjs.org/dotenv 3ms (cache hit)
25 silly packumentCache full:https://registry.npmjs.org/dotenv set size:277821 disposed:false
26 silly fetch manifest gtfs-realtime-bindings@^2.2.0
27 silly packumentCache full:https://registry.npmjs.org/gtfs-realtime-bindings cache-miss
28 http fetch GET 200 https://registry.npmjs.org/gtfs-realtime-bindings 4ms (cache hit)
29 silly packumentCache full:https://registry.npmjs.org/gtfs-realtime-bindings set size:32145 disposed:false
30 silly fetch manifest axios@^1.6.0
31 silly packumentCache full:https://registry.npmjs.org/axios cache-miss
32 http fetch GET 200 https://registry.npmjs.org/axios 4ms (cache hit)
33 silly packumentCache full:https://registry.npmjs.org/axios set size:793878 disposed:false
34 silly fetch manifest node-cache@^5.1.2
35 silly packumentCache full:https://registry.npmjs.org/node-cache cache-miss
36 http fetch GET 200 https://registry.npmjs.org/node-cache 5ms (cache hit)
37 silly packumentCache full:https://registry.npmjs.org/node-cache set size:113081 disposed:false
38 silly fetch manifest morgan@^1.10.0
39 silly packumentCache full:https://registry.npmjs.org/morgan cache-miss
40 http fetch GET 200 https://registry.npmjs.org/morgan 3ms (cache hit)
41 silly packumentCache full:https://registry.npmjs.org/morgan set size:85360 disposed:false
42 silly fetch manifest compression@^1.7.4
43 silly packumentCache full:https://registry.npmjs.org/compression cache-miss
44 http fetch GET 200 https://registry.npmjs.org/compression 2ms (cache hit)
45 silly packumentCache full:https://registry.npmjs.org/compression set size:101173 disposed:false
46 silly placeDep ROOT axios@1.20.0 OK for: dakar-mobilite-gtfs-proxy@2.0.0 want: ^1.6.0
47 silly placeDep ROOT compression@1.8.2 OK for: dakar-mobilite-gtfs-proxy@2.0.0 want: ^1.7.4
48 silly placeDep ROOT cors@2.8.6 OK for: dakar-mobilite-gtfs-proxy@2.0.0 want: ^2.8.5
49 silly placeDep ROOT dotenv@16.6.1 OK for: dakar-mobilite-gtfs-proxy@2.0.0 want: ^16.3.1
50 silly placeDep ROOT express@4.22.3 OK for: dakar-mobilite-gtfs-proxy@2.0.0 want: ^4.18.2
51 silly placeDep ROOT gtfs-realtime-bindings@2.2.0 OK for: dakar-mobilite-gtfs-proxy@2.0.0 want: ^2.2.0
52 silly placeDep ROOT morgan@1.12.1 OK for: dakar-mobilite-gtfs-proxy@2.0.0 want: ^1.10.0
53 silly placeDep ROOT node-cache@5.1.2 OK for: dakar-mobilite-gtfs-proxy@2.0.0 want: ^5.1.2
54 silly fetch manifest form-data@^4.0.6
55 silly packumentCache full:https://registry.npmjs.org/form-data cache-miss
56 http fetch GET 200 https://registry.npmjs.org/form-data 2ms (cache hit)
57 silly packumentCache full:https://registry.npmjs.org/form-data set size:153174 disposed:false
58 silly fetch manifest proxy-from-env@^2.1.0
59 silly packumentCache full:https://registry.npmjs.org/proxy-from-env cache-miss
60 http fetch GET 200 https://registry.npmjs.org/proxy-from-env 6ms (cache hit)
61 silly packumentCache full:https://registry.npmjs.org/proxy-from-env set size:21422 disposed:false
62 silly fetch manifest follow-redirects@^1.16.0
63 silly packumentCache full:https://registry.npmjs.org/follow-redirects cache-miss
64 http fetch GET 200 https://registry.npmjs.org/follow-redirects 3ms (cache hit)
65 silly packumentCache full:https://registry.npmjs.org/follow-redirects set size:188945 disposed:false
66 silly fetch manifest https-proxy-agent@^5.0.1
67 silly packumentCache full:https://registry.npmjs.org/https-proxy-agent cache-miss
68 http fetch GET 200 https://registry.npmjs.org/https-proxy-agent 2ms (cache hit)
69 silly packumentCache full:https://registry.npmjs.org/https-proxy-agent set size:83792 disposed:false
70 silly fetch manifest vary@~1.1.2
71 silly packumentCache full:https://registry.npmjs.org/vary cache-miss
72 http fetch GET 200 https://registry.npmjs.org/vary 2ms (cache hit)
73 silly packumentCache full:https://registry.npmjs.org/vary set size:15994 disposed:false
74 silly fetch manifest bytes@3.1.2
75 silly packumentCache full:https://registry.npmjs.org/bytes cache-miss
76 http fetch GET 200 https://registry.npmjs.org/bytes 2ms (cache hit)
77 silly packumentCache full:https://registry.npmjs.org/bytes set size:37018 disposed:false
78 silly fetch manifest debug@2.6.9
79 silly packumentCache full:https://registry.npmjs.org/debug cache-miss
80 http fetch GET 200 https://registry.npmjs.org/debug 15ms (cache hit)
81 silly packumentCache full:https://registry.npmjs.org/debug set size:195840 disposed:false
82 silly fetch manifest destroy@1.2.0
83 silly packumentCache full:https://registry.npmjs.org/destroy cache-miss
84 http fetch GET 200 https://registry.npmjs.org/destroy 2ms (cache hit)
85 silly packumentCache full:https://registry.npmjs.org/destroy set size:15738 disposed:false
86 silly fetch manifest negotiator@~0.6.4
87 silly packumentCache full:https://registry.npmjs.org/negotiator cache-miss
88 http fetch GET 200 https://registry.npmjs.org/negotiator 2ms (cache hit)
89 silly packumentCache full:https://registry.npmjs.org/negotiator set size:56148 disposed:false
90 silly fetch manifest on-headers@~1.1.0
91 silly packumentCache full:https://registry.npmjs.org/on-headers cache-miss
92 http fetch GET 200 https://registry.npmjs.org/on-headers 2ms (cache hit)
93 silly packumentCache full:https://registry.npmjs.org/on-headers set size:13226 disposed:false
94 silly fetch manifest safe-buffer@5.2.1
95 silly packumentCache full:https://registry.npmjs.org/safe-buffer cache-miss
96 http fetch GET 200 https://registry.npmjs.org/safe-buffer 2ms (cache hit)
97 silly packumentCache full:https://registry.npmjs.org/safe-buffer set size:41183 disposed:false
98 silly fetch manifest compressible@~2.0.18
99 silly packumentCache full:https://registry.npmjs.org/compressible cache-miss
100 http fetch GET 200 https://registry.npmjs.org/compressible 2ms (cache hit)
101 silly packumentCache full:https://registry.npmjs.org/compressible set size:61733 disposed:false
102 silly fetch manifest object-assign@^4
103 silly packumentCache full:https://registry.npmjs.org/object-assign cache-miss
104 http fetch GET 200 https://registry.npmjs.org/object-assign 2ms (cache hit)
105 silly packumentCache full:https://registry.npmjs.org/object-assign set size:28988 disposed:false
106 silly fetch manifest vary@^1
107 silly packumentCache full:https://registry.npmjs.org/vary cache-hit
108 silly fetch manifest qs@~6.16.0
109 silly packumentCache full:https://registry.npmjs.org/qs cache-miss
110 http fetch GET 200 https://registry.npmjs.org/qs 3ms (cache hit)
111 silly packumentCache full:https://registry.npmjs.org/qs set size:365613 disposed:false
112 silly fetch manifest depd@2.0.0
113 silly packumentCache full:https://registry.npmjs.org/depd cache-miss
114 http fetch GET 200 https://registry.npmjs.org/depd 3ms (cache hit)
115 silly packumentCache full:https://registry.npmjs.org/depd set size:40182 disposed:false
116 silly fetch manifest etag@~1.8.1
117 silly packumentCache full:https://registry.npmjs.org/etag cache-miss
118 http fetch GET 200 https://registry.npmjs.org/etag 3ms (cache hit)
119 silly packumentCache full:https://registry.npmjs.org/etag set size:30032 disposed:false
120 silly fetch manifest send@~0.19.0
121 silly packumentCache full:https://registry.npmjs.org/send cache-miss
122 http fetch GET 200 https://registry.npmjs.org/send 4ms (cache hit)
123 silly packumentCache full:https://registry.npmjs.org/send set size:152810 disposed:false
124 silly fetch manifest fresh@~0.5.2
125 silly packumentCache full:https://registry.npmjs.org/fresh cache-miss
126 http fetch GET 200 https://registry.npmjs.org/fresh 3ms (cache hit)
127 silly packumentCache full:https://registry.npmjs.org/fresh set size:25427 disposed:false
128 silly fetch manifest cookie@~0.7.1
129 silly packumentCache full:https://registry.npmjs.org/cookie cache-miss
130 http fetch GET 200 https://registry.npmjs.org/cookie 2ms (cache hit)
131 silly packumentCache full:https://registry.npmjs.org/cookie set size:78274 disposed:false
132 silly fetch manifest accepts@~1.3.8
133 silly packumentCache full:https://registry.npmjs.org/accepts cache-miss
134 http fetch GET 200 https://registry.npmjs.org/accepts 2ms (cache hit)
135 silly packumentCache full:https://registry.npmjs.org/accepts set size:77054 disposed:false
136 silly fetch manifest methods@~1.1.2
137 silly packumentCache full:https://registry.npmjs.org/methods cache-miss
138 http fetch GET 200 https://registry.npmjs.org/methods 5ms (cache hit)
139 silly packumentCache full:https://registry.npmjs.org/methods set size:12600 disposed:false
140 silly fetch manifest type-is@~1.6.18
141 silly packumentCache full:https://registry.npmjs.org/type-is cache-miss
142 http fetch GET 200 https://registry.npmjs.org/type-is 3ms (cache hit)
143 silly packumentCache full:https://registry.npmjs.org/type-is set size:88614 disposed:false
144 silly fetch manifest parseurl@~1.3.3
145 silly packumentCache full:https://registry.npmjs.org/parseurl cache-miss
146 http fetch GET 200 https://registry.npmjs.org/parseurl 2ms (cache hit)
147 silly packumentCache full:https://registry.npmjs.org/parseurl set size:24148 disposed:false
148 silly fetch manifest statuses@~2.0.1
149 silly packumentCache full:https://registry.npmjs.org/statuses cache-miss
150 http fetch GET 200 https://registry.npmjs.org/statuses 3ms (cache hit)
151 silly packumentCache full:https://registry.npmjs.org/statuses set size:37117 disposed:false
152 silly fetch manifest encodeurl@~2.0.0
153 silly packumentCache full:https://registry.npmjs.org/encodeurl cache-miss
154 http fetch GET 200 https://registry.npmjs.org/encodeurl 2ms (cache hit)
155 silly packumentCache full:https://registry.npmjs.org/encodeurl set size:12296 disposed:false
156 silly fetch manifest proxy-addr@~2.0.7
157 silly packumentCache full:https://registry.npmjs.org/proxy-addr cache-miss
158 http fetch GET 200 https://registry.npmjs.org/proxy-addr 5ms (cache hit)
159 silly packumentCache full:https://registry.npmjs.org/proxy-addr set size:64125 disposed:false
160 silly fetch manifest body-parser@~1.20.5
161 silly packumentCache full:https://registry.npmjs.org/body-parser cache-miss
162 http fetch GET 200 https://registry.npmjs.org/body-parser 3ms (cache hit)
163 silly packumentCache full:https://registry.npmjs.org/body-parser set size:207391 disposed:false
164 silly fetch manifest escape-html@~1.0.3
165 silly packumentCache full:https://registry.npmjs.org/escape-html cache-miss
166 http fetch GET 200 https://registry.npmjs.org/escape-html 3ms (cache hit)
167 silly packumentCache full:https://registry.npmjs.org/escape-html set size:7345 disposed:false
168 silly fetch manifest http-errors@~2.0.0
169 silly packumentCache full:https://registry.npmjs.org/http-errors cache-miss
170 http fetch GET 200 https://registry.npmjs.org/http-errors 3ms (cache hit)
171 silly packumentCache full:https://registry.npmjs.org/http-errors set size:71987 disposed:false
172 silly fetch manifest on-finished@~2.4.1
173 silly packumentCache full:https://registry.npmjs.org/on-finished cache-miss
174 http fetch GET 200 https://registry.npmjs.org/on-finished 6ms (cache hit)
175 silly packumentCache full:https://registry.npmjs.org/on-finished set size:23212 disposed:false
176 silly fetch manifest utils-merge@1.0.1
177 silly packumentCache full:https://registry.npmjs.org/utils-merge cache-miss
178 http fetch GET 200 https://registry.npmjs.org/utils-merge 16ms (cache hit)
179 silly packumentCache full:https://registry.npmjs.org/utils-merge set size:5237 disposed:false
180 silly fetch manifest content-type@~1.0.4
181 silly packumentCache full:https://registry.npmjs.org/content-type cache-miss
182 http fetch GET 200 https://registry.npmjs.org/content-type 3ms (cache hit)
183 silly packumentCache full:https://registry.npmjs.org/content-type set size:26824 disposed:false
184 silly fetch manifest finalhandler@~1.3.1
185 silly packumentCache full:https://registry.npmjs.org/finalhandler cache-miss
186 http fetch GET 200 https://registry.npmjs.org/finalhandler 2ms (cache hit)
187 silly packumentCache full:https://registry.npmjs.org/finalhandler set size:79291 disposed:false
188 silly fetch manifest range-parser@~1.2.1
189 silly packumentCache full:https://registry.npmjs.org/range-parser cache-miss
190 http fetch GET 200 https://registry.npmjs.org/range-parser 2ms (cache hit)
191 silly packumentCache full:https://registry.npmjs.org/range-parser set size:24852 disposed:false
192 silly fetch manifest serve-static@~1.16.2
193 silly packumentCache full:https://registry.npmjs.org/serve-static cache-miss
194 http fetch GET 200 https://registry.npmjs.org/serve-static 2ms (cache hit)
195 silly packumentCache full:https://registry.npmjs.org/serve-static set size:150391 disposed:false
196 silly fetch manifest array-flatten@1.1.1
197 silly packumentCache full:https://registry.npmjs.org/array-flatten cache-miss
198 http fetch GET 200 https://registry.npmjs.org/array-flatten 2ms (cache hit)
199 silly packumentCache full:https://registry.npmjs.org/array-flatten set size:24005 disposed:false
200 silly fetch manifest path-to-regexp@~0.1.13
201 silly packumentCache full:https://registry.npmjs.org/path-to-regexp cache-miss
202 http fetch GET 200 https://registry.npmjs.org/path-to-regexp 2ms (cache hit)
203 silly packumentCache full:https://registry.npmjs.org/path-to-regexp set size:216334 disposed:false
204 silly fetch manifest setprototypeof@1.2.0
205 silly packumentCache full:https://registry.npmjs.org/setprototypeof cache-miss
206 http fetch GET 200 https://registry.npmjs.org/setprototypeof 3ms (cache hit)
207 silly packumentCache full:https://registry.npmjs.org/setprototypeof set size:14532 disposed:false
208 silly fetch manifest cookie-signature@~1.0.6
209 silly packumentCache full:https://registry.npmjs.org/cookie-signature cache-miss
210 http fetch GET 200 https://registry.npmjs.org/cookie-signature 2ms (cache hit)
211 silly packumentCache full:https://registry.npmjs.org/cookie-signature set size:21777 disposed:false
212 silly fetch manifest merge-descriptors@1.0.3
213 silly packumentCache full:https://registry.npmjs.org/merge-descriptors cache-miss
214 http fetch GET 200 https://registry.npmjs.org/merge-descriptors 2ms (cache hit)
215 silly packumentCache full:https://registry.npmjs.org/merge-descriptors set size:16527 disposed:false
216 silly fetch manifest content-disposition@~0.5.4
217 silly packumentCache full:https://registry.npmjs.org/content-disposition cache-miss
218 http fetch GET 200 https://registry.npmjs.org/content-disposition 4ms (cache hit)
219 silly packumentCache full:https://registry.npmjs.org/content-disposition set size:45446 disposed:false
220 silly fetch manifest protobufjs@^8.2.1
221 silly packumentCache full:https://registry.npmjs.org/protobufjs cache-miss
222 http fetch GET 200 https://registry.npmjs.org/protobufjs 112ms (cache miss)
223 silly packumentCache full:https://registry.npmjs.org/protobufjs set size:undefined disposed:false
224 silly fetch manifest protobufjs-cli@^2.2.1
225 silly packumentCache full:https://registry.npmjs.org/protobufjs-cli cache-miss
226 http fetch GET 200 https://registry.npmjs.org/protobufjs-cli 29ms (cache miss)
227 silly packumentCache full:https://registry.npmjs.org/protobufjs-cli set size:undefined disposed:false
228 silly fetch manifest depd@~2.0.0
229 silly packumentCache full:https://registry.npmjs.org/depd cache-hit
230 silly fetch manifest basic-auth@~2.0.1
231 silly packumentCache full:https://registry.npmjs.org/basic-auth cache-miss
232 http fetch GET 200 https://registry.npmjs.org/basic-auth 5ms (cache hit)
233 silly packumentCache full:https://registry.npmjs.org/basic-auth set size:24387 disposed:false
234 silly fetch manifest clone@2.x
235 silly packumentCache full:https://registry.npmjs.org/clone cache-miss
236 http fetch GET 200 https://registry.npmjs.org/clone 2ms (cache hit)
237 silly packumentCache full:https://registry.npmjs.org/clone set size:82973 disposed:false
238 silly placeDep ROOT follow-redirects@1.16.0 OK for: axios@1.20.0 want: ^1.16.0
239 silly placeDep ROOT form-data@4.0.6 OK for: axios@1.20.0 want: ^4.0.6
240 silly placeDep ROOT https-proxy-agent@5.0.1 OK for: axios@1.20.0 want: ^5.0.1
241 silly placeDep ROOT proxy-from-env@2.1.0 OK for: axios@1.20.0 want: ^2.1.0
242 silly fetch manifest hasown@^2.0.4
243 silly packumentCache full:https://registry.npmjs.org/hasown cache-miss
244 http fetch GET 200 https://registry.npmjs.org/hasown 2ms (cache hit)
245 silly packumentCache full:https://registry.npmjs.org/hasown set size:18361 disposed:false
246 silly fetch manifest asynckit@^0.4.0
247 silly packumentCache full:https://registry.npmjs.org/asynckit cache-miss
248 http fetch GET 200 https://registry.npmjs.org/asynckit 2ms (cache hit)
249 silly packumentCache full:https://registry.npmjs.org/asynckit set size:18932 disposed:false
250 silly fetch manifest mime-types@^2.1.35
251 silly packumentCache full:https://registry.npmjs.org/mime-types cache-miss
252 http fetch GET 200 https://registry.npmjs.org/mime-types 3ms (cache hit)
253 silly packumentCache full:https://registry.npmjs.org/mime-types set size:139110 disposed:false
254 silly fetch manifest combined-stream@^1.0.8
255 silly packumentCache full:https://registry.npmjs.org/combined-stream cache-miss
256 http fetch GET 200 https://registry.npmjs.org/combined-stream 2ms (cache hit)
257 silly packumentCache full:https://registry.npmjs.org/combined-stream set size:40337 disposed:false
258 silly fetch manifest es-set-tostringtag@^2.1.0
259 silly packumentCache full:https://registry.npmjs.org/es-set-tostringtag cache-miss
260 http fetch GET 200 https://registry.npmjs.org/es-set-tostringtag 6ms (cache hit)
261 silly packumentCache full:https://registry.npmjs.org/es-set-tostringtag set size:22094 disposed:false
262 silly fetch manifest debug@4
263 silly packumentCache full:https://registry.npmjs.org/debug cache-hit
264 silly fetch manifest agent-base@6
265 silly packumentCache full:https://registry.npmjs.org/agent-base cache-miss
266 http fetch GET 200 https://registry.npmjs.org/agent-base 2ms (cache hit)
267 silly packumentCache full:https://registry.npmjs.org/agent-base set size:72085 disposed:false
268 silly placeDep ROOT bytes@3.1.2 OK for: compression@1.8.2 want: 3.1.2
269 silly placeDep ROOT compressible@2.0.18 OK for: compression@1.8.2 want: ~2.0.18
270 silly placeDep ROOT debug@2.6.9 OK for: compression@1.8.2 want: 2.6.9
271 silly placeDep ROOT destroy@1.2.0 OK for: compression@1.8.2 want: 1.2.0
272 silly placeDep ROOT negotiator@0.6.4 OK for: compression@1.8.2 want: ~0.6.4
273 silly placeDep ROOT on-headers@1.1.0 OK for: compression@1.8.2 want: ~1.1.0
274 silly placeDep ROOT safe-buffer@5.2.1 OK for: compression@1.8.2 want: 5.2.1
275 silly placeDep ROOT vary@1.1.2 OK for: compression@1.8.2 want: ~1.1.2
276 silly fetch manifest mime-db@>= 1.43.0 < 2
277 silly packumentCache full:https://registry.npmjs.org/mime-db cache-miss
278 http fetch GET 200 https://registry.npmjs.org/mime-db 2ms (cache hit)
279 silly packumentCache full:https://registry.npmjs.org/mime-db set size:164953 disposed:false
280 silly fetch manifest ms@2.0.0
281 silly packumentCache full:https://registry.npmjs.org/ms cache-miss
282 http fetch GET 200 https://registry.npmjs.org/ms 11ms (cache hit)
283 silly packumentCache full:https://registry.npmjs.org/ms set size:92208 disposed:false
284 silly placeDep ROOT mime-db@1.54.0 OK for: compressible@2.0.18 want: >= 1.43.0 < 2
285 silly placeDep ROOT object-assign@4.1.1 OK for: cors@2.8.6 want: ^4
286 silly placeDep ROOT ms@2.0.0 OK for: debug@2.6.9 want: 2.0.0
287 silly placeDep ROOT accepts@1.3.8 OK for: express@4.22.3 want: ~1.3.8
288 silly placeDep ROOT array-flatten@1.1.1 OK for: express@4.22.3 want: 1.1.1
289 silly placeDep ROOT body-parser@1.20.8 OK for: express@4.22.3 want: ~1.20.5
290 silly placeDep ROOT content-disposition@0.5.4 OK for: express@4.22.3 want: ~0.5.4
291 silly placeDep ROOT content-type@1.0.5 OK for: express@4.22.3 want: ~1.0.4
292 silly placeDep ROOT cookie@0.7.2 OK for: express@4.22.3 want: ~0.7.1
293 silly placeDep ROOT cookie-signature@1.0.7 OK for: express@4.22.3 want: ~1.0.6
294 silly placeDep ROOT depd@2.0.0 OK for: express@4.22.3 want: 2.0.0
295 silly placeDep ROOT encodeurl@2.0.0 OK for: express@4.22.3 want: ~2.0.0
296 silly placeDep ROOT escape-html@1.0.3 OK for: express@4.22.3 want: ~1.0.3
297 silly placeDep ROOT etag@1.8.1 OK for: express@4.22.3 want: ~1.8.1
298 silly placeDep ROOT finalhandler@1.3.2 OK for: express@4.22.3 want: ~1.3.1
299 silly placeDep ROOT fresh@0.5.2 OK for: express@4.22.3 want: ~0.5.2
300 silly placeDep ROOT http-errors@2.0.1 OK for: express@4.22.3 want: ~2.0.0
301 silly placeDep ROOT merge-descriptors@1.0.3 OK for: express@4.22.3 want: 1.0.3
302 silly placeDep ROOT methods@1.1.2 OK for: express@4.22.3 want: ~1.1.2
303 silly placeDep ROOT on-finished@2.4.1 OK for: express@4.22.3 want: ~2.4.1
304 silly placeDep ROOT parseurl@1.3.3 OK for: express@4.22.3 want: ~1.3.3
305 silly placeDep ROOT path-to-regexp@0.1.13 OK for: express@4.22.3 want: ~0.1.13
306 silly placeDep ROOT proxy-addr@2.0.8 OK for: express@4.22.3 want: ~2.0.7
307 silly placeDep ROOT qs@6.16.0 OK for: express@4.22.3 want: ~6.16.0
308 silly placeDep ROOT range-parser@1.2.1 OK for: express@4.22.3 want: ~1.2.1
309 silly placeDep ROOT send@0.19.2 OK for: express@4.22.3 want: ~0.19.0
310 silly placeDep ROOT serve-static@1.16.3 OK for: express@4.22.3 want: ~1.16.2
311 silly placeDep ROOT setprototypeof@1.2.0 OK for: express@4.22.3 want: 1.2.0
312 silly placeDep ROOT statuses@2.0.2 OK for: express@4.22.3 want: ~2.0.1
313 silly placeDep ROOT type-is@1.6.18 OK for: express@4.22.3 want: ~1.6.18
314 silly placeDep ROOT utils-merge@1.0.1 OK for: express@4.22.3 want: 1.0.1
315 silly fetch manifest mime-types@~2.1.34
316 silly packumentCache full:https://registry.npmjs.org/mime-types cache-hit
317 silly fetch manifest negotiator@0.6.3
318 silly packumentCache full:https://registry.npmjs.org/negotiator cache-hit
319 silly fetch manifest unpipe@~1.0.0
320 silly packumentCache full:https://registry.npmjs.org/unpipe cache-miss
321 http fetch GET 200 https://registry.npmjs.org/unpipe 8ms (cache hit)
322 silly packumentCache full:https://registry.npmjs.org/unpipe set size:3609 disposed:false
323 silly fetch manifest raw-body@~2.5.3
324 silly packumentCache full:https://registry.npmjs.org/raw-body cache-miss
325 http fetch GET 200 https://registry.npmjs.org/raw-body 3ms (cache hit)
326 silly packumentCache full:https://registry.npmjs.org/raw-body set size:120042 disposed:false
327 silly fetch manifest iconv-lite@~0.4.24
328 silly packumentCache full:https://registry.npmjs.org/iconv-lite cache-miss
329 http fetch GET 200 https://registry.npmjs.org/iconv-lite 3ms (cache hit)
330 silly packumentCache full:https://registry.npmjs.org/iconv-lite set size:126462 disposed:false
331 silly fetch manifest http-errors@~2.0.1
332 silly packumentCache full:https://registry.npmjs.org/http-errors cache-hit
333 silly fetch manifest content-type@~1.0.5
334 silly packumentCache full:https://registry.npmjs.org/content-type cache-hit
335 silly fetch manifest statuses@~2.0.2
336 silly packumentCache full:https://registry.npmjs.org/statuses cache-hit
337 silly fetch manifest inherits@~2.0.4
338 silly packumentCache full:https://registry.npmjs.org/inherits cache-miss
339 http fetch GET 200 https://registry.npmjs.org/inherits 2ms (cache hit)
340 silly packumentCache full:https://registry.npmjs.org/inherits set size:12925 disposed:false
341 silly fetch manifest setprototypeof@~1.2.0
342 silly packumentCache full:https://registry.npmjs.org/setprototypeof cache-hit
343 silly fetch manifest toidentifier@~1.0.1
344 silly packumentCache full:https://registry.npmjs.org/toidentifier cache-miss
345 http fetch GET 200 https://registry.npmjs.org/toidentifier 2ms (cache hit)
346 silly packumentCache full:https://registry.npmjs.org/toidentifier set size:12006 disposed:false
347 silly fetch manifest ee-first@1.1.1
348 silly packumentCache full:https://registry.npmjs.org/ee-first cache-miss
349 http fetch GET 200 https://registry.npmjs.org/ee-first 3ms (cache hit)
350 silly packumentCache full:https://registry.npmjs.org/ee-first set size:15327 disposed:false
351 silly fetch manifest forwarded@0.2.0
352 silly packumentCache full:https://registry.npmjs.org/forwarded cache-miss
353 http fetch GET 200 https://registry.npmjs.org/forwarded 2ms (cache hit)
354 silly packumentCache full:https://registry.npmjs.org/forwarded set size:11229 disposed:false
355 silly fetch manifest ipaddr.js@1.9.1
356 silly packumentCache full:https://registry.npmjs.org/ipaddr.js cache-miss
357 http fetch GET 200 https://registry.npmjs.org/ipaddr.js 3ms (cache hit)
358 silly packumentCache full:https://registry.npmjs.org/ipaddr.js set size:84329 disposed:false
359 silly fetch manifest side-channel@^1.1.1
360 silly packumentCache full:https://registry.npmjs.org/side-channel cache-miss
361 http fetch GET 200 https://registry.npmjs.org/side-channel 2ms (cache hit)
362 silly packumentCache full:https://registry.npmjs.org/side-channel set size:27650 disposed:false
363 silly fetch manifest es-define-property@^1.0.1
364 silly packumentCache full:https://registry.npmjs.org/es-define-property cache-miss
365 http fetch GET 200 https://registry.npmjs.org/es-define-property 2ms (cache hit)
366 silly packumentCache full:https://registry.npmjs.org/es-define-property set size:8542 disposed:false
367 silly fetch manifest ms@2.1.3
368 silly packumentCache full:https://registry.npmjs.org/ms cache-hit
369 silly fetch manifest mime@1.6.0
370 silly packumentCache full:https://registry.npmjs.org/mime cache-miss
371 http fetch GET 200 https://registry.npmjs.org/mime 4ms (cache hit)
372 silly packumentCache full:https://registry.npmjs.org/mime set size:119236 disposed:false
373 silly fetch manifest mime-types@~2.1.24
374 silly packumentCache full:https://registry.npmjs.org/mime-types cache-hit
375 silly fetch manifest media-typer@0.3.0
376 silly packumentCache full:https://registry.npmjs.org/media-typer cache-miss
377 http fetch GET 200 https://registry.npmjs.org/media-typer 2ms (cache hit)
378 silly packumentCache full:https://registry.npmjs.org/media-typer set size:22074 disposed:false
379 silly placeDep ROOT mime-types@2.1.35 OK for: accepts@1.3.8 want: ~2.1.34
380 silly placeDep node_modules/accepts negotiator@0.6.3 OK for: accepts@1.3.8 want: 0.6.3
381 silly fetch manifest mime-db@1.52.0
382 silly packumentCache full:https://registry.npmjs.org/mime-db cache-hit
383 silly placeDep ROOT iconv-lite@0.4.24 OK for: body-parser@1.20.8 want: ~0.4.24
384 silly placeDep ROOT raw-body@2.5.3 OK for: body-parser@1.20.8 want: ~2.5.3
385 silly placeDep ROOT unpipe@1.0.0 OK for: body-parser@1.20.8 want: ~1.0.0
386 silly fetch manifest safer-buffer@>= 2.1.2 < 3
387 silly packumentCache full:https://registry.npmjs.org/safer-buffer cache-miss
388 http fetch GET 200 https://registry.npmjs.org/safer-buffer 3ms (cache hit)
389 silly packumentCache full:https://registry.npmjs.org/safer-buffer set size:18521 disposed:false
390 silly placeDep ROOT asynckit@0.4.0 OK for: form-data@4.0.6 want: ^0.4.0
391 silly placeDep ROOT combined-stream@1.0.8 OK for: form-data@4.0.6 want: ^1.0.8
392 silly placeDep ROOT es-set-tostringtag@2.1.0 OK for: form-data@4.0.6 want: ^2.1.0
393 silly placeDep ROOT hasown@2.0.4 OK for: form-data@4.0.6 want: ^2.0.4
394 silly fetch manifest delayed-stream@~1.0.0
395 silly packumentCache full:https://registry.npmjs.org/delayed-stream cache-miss
396 http fetch GET 200 https://registry.npmjs.org/delayed-stream 2ms (cache hit)
397 silly packumentCache full:https://registry.npmjs.org/delayed-stream set size:15820 disposed:false
398 silly fetch manifest es-errors@^1.3.0
399 silly packumentCache full:https://registry.npmjs.org/es-errors cache-miss
400 http fetch GET 200 https://registry.npmjs.org/es-errors 4ms (cache hit)
401 silly packumentCache full:https://registry.npmjs.org/es-errors set size:16918 disposed:false
402 silly fetch manifest get-intrinsic@^1.2.6
403 silly packumentCache full:https://registry.npmjs.org/get-intrinsic cache-miss
404 http fetch GET 200 https://registry.npmjs.org/get-intrinsic 2ms (cache hit)
405 silly packumentCache full:https://registry.npmjs.org/get-intrinsic set size:60985 disposed:false
406 silly fetch manifest has-tostringtag@^1.0.2
407 silly packumentCache full:https://registry.npmjs.org/has-tostringtag cache-miss
408 http fetch GET 200 https://registry.npmjs.org/has-tostringtag 3ms (cache hit)
409 silly packumentCache full:https://registry.npmjs.org/has-tostringtag set size:13945 disposed:false
410 silly fetch manifest hasown@^2.0.2
411 silly packumentCache full:https://registry.npmjs.org/hasown cache-hit
412 silly fetch manifest function-bind@^1.1.2
413 silly packumentCache full:https://registry.npmjs.org/function-bind cache-miss
414 http fetch GET 200 https://registry.npmjs.org/function-bind 3ms (cache hit)
415 silly packumentCache full:https://registry.npmjs.org/function-bind set size:15733 disposed:false
416 silly placeDep ROOT delayed-stream@1.0.0 OK for: combined-stream@1.0.8 want: ~1.0.0
417 silly placeDep ROOT es-errors@1.3.0 OK for: es-set-tostringtag@2.1.0 want: ^1.3.0
418 silly placeDep ROOT get-intrinsic@1.3.0 OK for: es-set-tostringtag@2.1.0 want: ^1.2.6
419 silly placeDep ROOT has-tostringtag@1.0.2 OK for: es-set-tostringtag@2.1.0 want: ^1.0.2
420 silly fetch manifest gopd@^1.2.0
421 silly packumentCache full:https://registry.npmjs.org/gopd cache-miss
422 http fetch GET 200 https://registry.npmjs.org/gopd 2ms (cache hit)
423 silly packumentCache full:https://registry.npmjs.org/gopd set size:11483 disposed:false
424 silly fetch manifest get-proto@^1.0.1
425 silly packumentCache full:https://registry.npmjs.org/get-proto cache-miss
426 http fetch GET 200 https://registry.npmjs.org/get-proto 4ms (cache hit)
427 silly packumentCache full:https://registry.npmjs.org/get-proto set size:8300 disposed:false
428 silly fetch manifest has-symbols@^1.1.0
429 silly packumentCache full:https://registry.npmjs.org/has-symbols cache-miss
430 http fetch GET 200 https://registry.npmjs.org/has-symbols 1ms (cache hit)
431 silly packumentCache full:https://registry.npmjs.org/has-symbols set size:21550 disposed:false
432 silly fetch manifest es-object-atoms@^1.1.1
433 silly packumentCache full:https://registry.npmjs.org/es-object-atoms cache-miss
434 http fetch GET 200 https://registry.npmjs.org/es-object-atoms 2ms (cache hit)
435 silly packumentCache full:https://registry.npmjs.org/es-object-atoms set size:18278 disposed:false
436 silly fetch manifest math-intrinsics@^1.1.0
437 silly packumentCache full:https://registry.npmjs.org/math-intrinsics cache-miss
438 http fetch GET 200 https://registry.npmjs.org/math-intrinsics 2ms (cache hit)
439 silly packumentCache full:https://registry.npmjs.org/math-intrinsics set size:9265 disposed:false
440 silly fetch manifest call-bind-apply-helpers@^1.0.2
441 silly packumentCache full:https://registry.npmjs.org/call-bind-apply-helpers cache-miss
442 http fetch GET 200 https://registry.npmjs.org/call-bind-apply-helpers 3ms (cache hit)
443 silly packumentCache full:https://registry.npmjs.org/call-bind-apply-helpers set size:12744 disposed:false
444 silly fetch manifest has-symbols@^1.0.3
445 silly packumentCache full:https://registry.npmjs.org/has-symbols cache-hit
446 silly placeDep ROOT call-bind-apply-helpers@1.0.2 OK for: get-intrinsic@1.3.0 want: ^1.0.2
447 silly placeDep ROOT es-define-property@1.0.1 OK for: get-intrinsic@1.3.0 want: ^1.0.1
448 silly placeDep ROOT es-object-atoms@1.1.2 OK for: get-intrinsic@1.3.0 want: ^1.1.1
449 silly placeDep ROOT function-bind@1.1.2 OK for: get-intrinsic@1.3.0 want: ^1.1.2
450 silly placeDep ROOT get-proto@1.0.1 OK for: get-intrinsic@1.3.0 want: ^1.0.1
451 silly placeDep ROOT gopd@1.2.0 OK for: get-intrinsic@1.3.0 want: ^1.2.0
452 silly placeDep ROOT has-symbols@1.1.0 OK for: get-intrinsic@1.3.0 want: ^1.1.0
453 silly placeDep ROOT math-intrinsics@1.1.0 OK for: get-intrinsic@1.3.0 want: ^1.1.0
454 silly fetch manifest dunder-proto@^1.0.1
455 silly packumentCache full:https://registry.npmjs.org/dunder-proto cache-miss
456 http fetch GET 200 https://registry.npmjs.org/dunder-proto 4ms (cache hit)
457 silly packumentCache full:https://registry.npmjs.org/dunder-proto set size:8256 disposed:false
458 silly placeDep ROOT dunder-proto@1.0.1 OK for: get-proto@1.0.1 want: ^1.0.1
459 silly placeDep ROOT protobufjs@8.8.0 OK for: gtfs-realtime-bindings@2.2.0 want: ^8.2.1
460 silly placeDep ROOT protobufjs-cli@2.7.0 OK for: gtfs-realtime-bindings@2.2.0 want: ^2.2.1
461 silly fetch manifest long@^5.3.2
462 silly packumentCache full:https://registry.npmjs.org/long cache-miss
463 http fetch GET 200 https://registry.npmjs.org/long 31ms (cache miss)
464 silly packumentCache full:https://registry.npmjs.org/long set size:undefined disposed:false
465 silly fetch manifest tmp@^0.2.7
466 silly packumentCache full:https://registry.npmjs.org/tmp cache-miss
467 http fetch GET 200 https://registry.npmjs.org/tmp 30ms (cache miss)
468 silly packumentCache full:https://registry.npmjs.org/tmp set size:undefined disposed:false
469 silly fetch manifest glob@^8.1.0
470 silly packumentCache full:https://registry.npmjs.org/glob cache-miss
471 http fetch GET 200 https://registry.npmjs.org/glob 54ms (cache miss)
472 silly packumentCache full:https://registry.npmjs.org/glob set size:undefined disposed:false
473 silly fetch manifest jsdoc@^4.0.5
474 silly packumentCache full:https://registry.npmjs.org/jsdoc cache-miss
475 http fetch GET 200 https://registry.npmjs.org/jsdoc 36ms (cache miss)
476 silly packumentCache full:https://registry.npmjs.org/jsdoc set size:undefined disposed:false
477 silly fetch manifest espree@^9.6.1
478 silly packumentCache full:https://registry.npmjs.org/espree cache-miss
479 http fetch GET 200 https://registry.npmjs.org/espree 34ms (cache miss)
480 silly packumentCache full:https://registry.npmjs.org/espree set size:undefined disposed:false
481 silly fetch manifest minimist@^1.2.8
482 silly packumentCache full:https://registry.npmjs.org/minimist cache-miss
483 http fetch GET 200 https://registry.npmjs.org/minimist 41ms (cache miss)
484 silly packumentCache full:https://registry.npmjs.org/minimist set size:undefined disposed:false
485 silly fetch manifest escodegen@^2.0.0
486 silly packumentCache full:https://registry.npmjs.org/escodegen cache-miss
487 http fetch GET 200 https://registry.npmjs.org/escodegen 28ms (cache miss)
488 silly packumentCache full:https://registry.npmjs.org/escodegen set size:undefined disposed:false
489 silly fetch manifest estraverse@^5.1.0
490 silly packumentCache full:https://registry.npmjs.org/estraverse cache-miss
491 http fetch GET 200 https://registry.npmjs.org/estraverse 27ms (cache miss)
492 silly packumentCache full:https://registry.npmjs.org/estraverse set size:undefined disposed:false
493 silly placeDep ROOT inherits@2.0.4 OK for: http-errors@2.0.1 want: ~2.0.4
494 silly placeDep ROOT toidentifier@1.0.1 OK for: http-errors@2.0.1 want: ~1.0.1
495 silly placeDep ROOT agent-base@6.0.2 OK for: https-proxy-agent@5.0.1 want: 6
496 silly placeDep node_modules/https-proxy-agent debug@4.4.3 OK for: https-proxy-agent@5.0.1 want: 4
497 silly fetch manifest ms@^2.1.3
498 silly packumentCache full:https://registry.npmjs.org/ms cache-hit
499 silly placeDep node_modules/agent-base debug@4.4.3 OK for: agent-base@6.0.2 want: 4
500 silly placeDep ROOT safer-buffer@2.1.2 OK for: iconv-lite@0.4.24 want: >= 2.1.2 < 3
501 silly placeDep node_modules/mime-types mime-db@1.52.0 OK for: mime-types@2.1.35 want: 1.52.0
502 silly placeDep ROOT basic-auth@2.0.1 OK for: morgan@1.12.1 want: ~2.0.1
503 silly fetch manifest safe-buffer@5.1.2
504 silly packumentCache full:https://registry.npmjs.org/safe-buffer cache-hit
505 silly placeDep node_modules/basic-auth safe-buffer@5.1.2 OK for: basic-auth@2.0.1 want: 5.1.2
506 silly placeDep ROOT clone@2.1.2 OK for: node-cache@5.1.2 want: 2.x
507 silly placeDep ROOT ee-first@1.1.1 OK for: on-finished@2.4.1 want: 1.1.1
508 silly placeDep ROOT long@5.3.2 OK for: protobufjs@8.8.0 want: ^5.3.2
509 silly placeDep ROOT escodegen@2.1.0 OK for: protobufjs-cli@2.7.0 want: ^2.0.0
510 silly placeDep ROOT espree@9.6.1 OK for: protobufjs-cli@2.7.0 want: ^9.6.1
511 silly placeDep ROOT estraverse@5.3.0 OK for: protobufjs-cli@2.7.0 want: ^5.1.0
512 silly placeDep ROOT glob@8.1.0 OK for: protobufjs-cli@2.7.0 want: ^8.1.0
513 silly placeDep ROOT jsdoc@4.0.5 OK for: protobufjs-cli@2.7.0 want: ^4.0.5
514 silly placeDep ROOT minimist@1.2.8 OK for: protobufjs-cli@2.7.0 want: ^1.2.8
515 silly placeDep ROOT tmp@0.2.7 OK for: protobufjs-cli@2.7.0 want: ^0.2.7
516 silly fetch manifest estraverse@^5.2.0
517 silly packumentCache full:https://registry.npmjs.org/estraverse cache-miss
518 http fetch GET 200 https://registry.npmjs.org/estraverse 4ms (cache hit)
519 silly packumentCache full:https://registry.npmjs.org/estraverse set size:62412 disposed:false
520 silly fetch manifest esutils@^2.0.2
521 silly packumentCache full:https://registry.npmjs.org/esutils cache-miss
522 http fetch GET 200 https://registry.npmjs.org/esutils 23ms (cache miss)
523 silly packumentCache full:https://registry.npmjs.org/esutils set size:undefined disposed:false
524 silly fetch manifest esprima@^4.0.1
525 silly packumentCache full:https://registry.npmjs.org/esprima cache-miss
526 http fetch GET 200 https://registry.npmjs.org/esprima 28ms (cache miss)
527 silly packumentCache full:https://registry.npmjs.org/esprima set size:undefined disposed:false
528 silly fetch manifest source-map@~0.6.1
529 silly packumentCache full:https://registry.npmjs.org/source-map cache-miss
530 http fetch GET 200 https://registry.npmjs.org/source-map 29ms (cache miss)
531 silly packumentCache full:https://registry.npmjs.org/source-map set size:undefined disposed:false
532 silly fetch manifest acorn@^8.9.0
533 silly packumentCache full:https://registry.npmjs.org/acorn cache-miss
534 http fetch GET 200 https://registry.npmjs.org/acorn 29ms (cache miss)
535 silly packumentCache full:https://registry.npmjs.org/acorn set size:undefined disposed:false
536 silly fetch manifest acorn-jsx@^5.3.2
537 silly packumentCache full:https://registry.npmjs.org/acorn-jsx cache-miss
538 http fetch GET 200 https://registry.npmjs.org/acorn-jsx 29ms (cache miss)
539 silly packumentCache full:https://registry.npmjs.org/acorn-jsx set size:undefined disposed:false
540 silly fetch manifest eslint-visitor-keys@^3.4.1
541 silly packumentCache full:https://registry.npmjs.org/eslint-visitor-keys cache-miss
542 http fetch GET 200 https://registry.npmjs.org/eslint-visitor-keys 24ms (cache miss)
543 silly packumentCache full:https://registry.npmjs.org/eslint-visitor-keys set size:undefined disposed:false
544 silly fetch manifest once@^1.3.0
545 silly packumentCache full:https://registry.npmjs.org/once cache-miss
546 http fetch GET 200 https://registry.npmjs.org/once 26ms (cache miss)
547 silly packumentCache full:https://registry.npmjs.org/once set size:undefined disposed:false
548 silly fetch manifest inflight@^1.0.4
549 silly packumentCache full:https://registry.npmjs.org/inflight cache-miss
550 http fetch GET 200 https://registry.npmjs.org/inflight 24ms (cache miss)
551 silly packumentCache full:https://registry.npmjs.org/inflight set size:undefined disposed:false
552 silly fetch manifest minimatch@^5.0.1
553 silly packumentCache full:https://registry.npmjs.org/minimatch cache-miss
554 http fetch GET 200 https://registry.npmjs.org/minimatch 36ms (cache miss)
555 silly packumentCache full:https://registry.npmjs.org/minimatch set size:undefined disposed:false
556 silly fetch manifest fs.realpath@^1.0.0
557 silly packumentCache full:https://registry.npmjs.org/fs.realpath cache-miss
558 http fetch GET 200 https://registry.npmjs.org/fs.realpath 22ms (cache miss)
559 silly packumentCache full:https://registry.npmjs.org/fs.realpath set size:undefined disposed:false
560 silly fetch manifest @babel/parser@^7.20.15
561 silly packumentCache full:https://registry.npmjs.org/@babel%2fparser cache-miss
562 http fetch GET 200 https://registry.npmjs.org/@babel%2fparser 46ms (cache miss)
563 silly packumentCache full:https://registry.npmjs.org/@babel%2fparser set size:undefined disposed:false
564 silly fetch manifest @jsdoc/salty@^0.2.1
565 silly packumentCache full:https://registry.npmjs.org/@jsdoc%2fsalty cache-miss
566 http fetch GET 200 https://registry.npmjs.org/@jsdoc%2fsalty 35ms (cache miss)
567 silly packumentCache full:https://registry.npmjs.org/@jsdoc%2fsalty set size:undefined disposed:false
568 silly fetch manifest @types/markdown-it@^14.1.1
569 silly packumentCache full:https://registry.npmjs.org/@types%2fmarkdown-it cache-miss
570 http fetch GET 200 https://registry.npmjs.org/@types%2fmarkdown-it 40ms (cache miss)
571 silly packumentCache full:https://registry.npmjs.org/@types%2fmarkdown-it set size:undefined disposed:false
572 silly fetch manifest bluebird@^3.7.2
573 silly packumentCache full:https://registry.npmjs.org/bluebird cache-miss
574 http fetch GET 200 https://registry.npmjs.org/bluebird 34ms (cache miss)
575 silly packumentCache full:https://registry.npmjs.org/bluebird set size:undefined disposed:false
576 silly fetch manifest catharsis@^0.9.0
577 silly packumentCache full:https://registry.npmjs.org/catharsis cache-miss
578 http fetch GET 200 https://registry.npmjs.org/catharsis 32ms (cache miss)
579 silly packumentCache full:https://registry.npmjs.org/catharsis set size:undefined disposed:false
580 silly fetch manifest escape-string-regexp@^2.0.0
581 silly packumentCache full:https://registry.npmjs.org/escape-string-regexp cache-miss
582 http fetch GET 200 https://registry.npmjs.org/escape-string-regexp 25ms (cache miss)
583 silly packumentCache full:https://registry.npmjs.org/escape-string-regexp set size:undefined disposed:false
584 silly fetch manifest js2xmlparser@^4.0.2
585 silly packumentCache full:https://registry.npmjs.org/js2xmlparser cache-miss
586 http fetch GET 200 https://registry.npmjs.org/js2xmlparser 25ms (cache miss)
587 silly packumentCache full:https://registry.npmjs.org/js2xmlparser set size:undefined disposed:false
588 silly fetch manifest klaw@^3.0.0
589 silly packumentCache full:https://registry.npmjs.org/klaw cache-miss
590 http fetch GET 200 https://registry.npmjs.org/klaw 35ms (cache miss)
591 silly packumentCache full:https://registry.npmjs.org/klaw set size:undefined disposed:false
592 silly fetch manifest markdown-it@^14.1.0
593 silly packumentCache full:https://registry.npmjs.org/markdown-it cache-miss
594 http fetch GET 200 https://registry.npmjs.org/markdown-it 33ms (cache miss)
595 silly packumentCache full:https://registry.npmjs.org/markdown-it set size:undefined disposed:false
596 silly fetch manifest markdown-it-anchor@^8.6.7
597 silly packumentCache full:https://registry.npmjs.org/markdown-it-anchor cache-miss
598 http fetch GET 200 https://registry.npmjs.org/markdown-it-anchor 39ms (cache miss)
599 silly packumentCache full:https://registry.npmjs.org/markdown-it-anchor set size:undefined disposed:false
600 silly fetch manifest marked@^4.0.10
601 silly packumentCache full:https://registry.npmjs.org/marked cache-miss
602 http fetch GET 200 https://registry.npmjs.org/marked 45ms (cache miss)
603 silly packumentCache full:https://registry.npmjs.org/marked set size:undefined disposed:false
604 silly fetch manifest mkdirp@^1.0.4
605 silly packumentCache full:https://registry.npmjs.org/mkdirp cache-miss
606 http fetch GET 200 https://registry.npmjs.org/mkdirp 27ms (cache miss)
607 silly packumentCache full:https://registry.npmjs.org/mkdirp set size:undefined disposed:false
608 silly fetch manifest requizzle@^0.2.3
609 silly packumentCache full:https://registry.npmjs.org/requizzle cache-miss
610 http fetch GET 200 https://registry.npmjs.org/requizzle 24ms (cache miss)
611 silly packumentCache full:https://registry.npmjs.org/requizzle set size:undefined disposed:false
612 silly fetch manifest strip-json-comments@^3.1.0
613 silly packumentCache full:https://registry.npmjs.org/strip-json-comments cache-miss
614 http fetch GET 200 https://registry.npmjs.org/strip-json-comments 25ms (cache miss)
615 silly packumentCache full:https://registry.npmjs.org/strip-json-comments set size:undefined disposed:false
616 silly fetch manifest underscore@~1.13.2
617 silly packumentCache full:https://registry.npmjs.org/underscore cache-miss
618 http fetch GET 200 https://registry.npmjs.org/underscore 28ms (cache miss)
619 silly packumentCache full:https://registry.npmjs.org/underscore set size:undefined disposed:false
620 silly placeDep ROOT esprima@4.0.1 OK for: escodegen@2.1.0 want: ^4.0.1
621 silly placeDep ROOT esutils@2.0.3 OK for: escodegen@2.1.0 want: ^2.0.2
622 silly placeDep ROOT source-map@0.6.1 OK for: escodegen@2.1.0 want: ~0.6.1
623 silly placeDep ROOT acorn@8.18.0 OK for: espree@9.6.1 want: ^8.9.0
624 silly placeDep ROOT acorn-jsx@5.3.2 OK for: espree@9.6.1 want: ^5.3.2
625 silly placeDep ROOT eslint-visitor-keys@3.4.3 OK for: espree@9.6.1 want: ^3.4.1
626 silly placeDep ROOT fs.realpath@1.0.0 OK for: glob@8.1.0 want: ^1.0.0
627 silly placeDep ROOT inflight@1.0.6 OK for: glob@8.1.0 want: ^1.0.4
628 silly placeDep ROOT minimatch@5.1.9 OK for: glob@8.1.0 want: ^5.0.1
629 silly placeDep ROOT once@1.4.0 OK for: glob@8.1.0 want: ^1.3.0
630 silly fetch manifest wrappy@1
631 silly packumentCache full:https://registry.npmjs.org/wrappy cache-miss
632 http fetch GET 200 https://registry.npmjs.org/wrappy 21ms (cache miss)
633 silly packumentCache full:https://registry.npmjs.org/wrappy set size:undefined disposed:false
634 silly fetch manifest brace-expansion@^2.0.1
635 silly packumentCache full:https://registry.npmjs.org/brace-expansion cache-miss
636 http fetch GET 200 https://registry.npmjs.org/brace-expansion 31ms (cache miss)
637 silly packumentCache full:https://registry.npmjs.org/brace-expansion set size:undefined disposed:false
638 silly placeDep ROOT wrappy@1.0.2 OK for: inflight@1.0.6 want: 1
639 silly placeDep ROOT @babel/parser@7.29.8 OK for: jsdoc@4.0.5 want: ^7.20.15
640 silly placeDep ROOT @jsdoc/salty@0.2.12 OK for: jsdoc@4.0.5 want: ^0.2.1
641 silly placeDep ROOT @types/markdown-it@14.2.0 OK for: jsdoc@4.0.5 want: ^14.1.1
642 silly placeDep ROOT bluebird@3.7.2 OK for: jsdoc@4.0.5 want: ^3.7.2
643 silly placeDep ROOT catharsis@0.9.0 OK for: jsdoc@4.0.5 want: ^0.9.0
644 silly placeDep ROOT escape-string-regexp@2.0.0 OK for: jsdoc@4.0.5 want: ^2.0.0
645 silly placeDep ROOT js2xmlparser@4.0.2 OK for: jsdoc@4.0.5 want: ^4.0.2
646 silly placeDep ROOT klaw@3.0.0 OK for: jsdoc@4.0.5 want: ^3.0.0
647 silly placeDep ROOT markdown-it@14.3.2 OK for: jsdoc@4.0.5 want: ^14.1.0
648 silly placeDep ROOT markdown-it-anchor@8.6.7 OK for: jsdoc@4.0.5 want: ^8.6.7
649 silly placeDep ROOT marked@4.3.0 OK for: jsdoc@4.0.5 want: ^4.0.10
650 silly placeDep ROOT mkdirp@1.0.4 OK for: jsdoc@4.0.5 want: ^1.0.4
651 silly placeDep ROOT requizzle@0.2.4 OK for: jsdoc@4.0.5 want: ^0.2.3
652 silly placeDep ROOT strip-json-comments@3.1.1 OK for: jsdoc@4.0.5 want: ^3.1.0
653 silly placeDep ROOT underscore@1.13.8 OK for: jsdoc@4.0.5 want: ~1.13.2
654 silly fetch manifest @babel/types@^7.29.8
655 silly packumentCache full:https://registry.npmjs.org/@babel%2ftypes cache-miss
656 http fetch GET 200 https://registry.npmjs.org/@babel%2ftypes 43ms (cache miss)
657 silly packumentCache full:https://registry.npmjs.org/@babel%2ftypes set size:undefined disposed:false
658 silly fetch manifest lodash@^4.18.1
659 silly packumentCache full:https://registry.npmjs.org/lodash cache-miss
660 http fetch GET 200 https://registry.npmjs.org/lodash 31ms (cache miss)
661 silly packumentCache full:https://registry.npmjs.org/lodash set size:undefined disposed:false
662 silly fetch manifest @types/mdurl@^2
663 silly packumentCache full:https://registry.npmjs.org/@types%2fmdurl cache-miss
664 http fetch GET 200 https://registry.npmjs.org/@types%2fmdurl 29ms (cache miss)
665 silly packumentCache full:https://registry.npmjs.org/@types%2fmdurl set size:undefined disposed:false
666 silly fetch manifest @types/linkify-it@^5
667 silly packumentCache full:https://registry.npmjs.org/@types%2flinkify-it cache-miss
668 http fetch GET 200 https://registry.npmjs.org/@types%2flinkify-it 29ms (cache miss)
669 silly packumentCache full:https://registry.npmjs.org/@types%2flinkify-it set size:undefined disposed:false
670 silly fetch manifest lodash@^4.17.15
671 silly packumentCache full:https://registry.npmjs.org/lodash cache-miss
672 http fetch GET 200 https://registry.npmjs.org/lodash 3ms (cache hit)
673 silly packumentCache full:https://registry.npmjs.org/lodash set size:247652 disposed:false
674 silly fetch manifest xmlcreate@^2.0.4
675 silly packumentCache full:https://registry.npmjs.org/xmlcreate cache-miss
676 http fetch GET 200 https://registry.npmjs.org/xmlcreate 25ms (cache miss)
677 silly packumentCache full:https://registry.npmjs.org/xmlcreate set size:undefined disposed:false
678 silly fetch manifest graceful-fs@^4.1.9
679 silly packumentCache full:https://registry.npmjs.org/graceful-fs cache-miss
680 http fetch GET 200 https://registry.npmjs.org/graceful-fs 27ms (cache miss)
681 silly packumentCache full:https://registry.npmjs.org/graceful-fs set size:undefined disposed:false
682 silly fetch manifest mdurl@^2.0.0
683 silly packumentCache full:https://registry.npmjs.org/mdurl cache-miss
684 http fetch GET 200 https://registry.npmjs.org/mdurl 25ms (cache miss)
685 silly packumentCache full:https://registry.npmjs.org/mdurl set size:undefined disposed:false
686 silly fetch manifest argparse@^2.0.1
687 silly packumentCache full:https://registry.npmjs.org/argparse cache-miss
688 http fetch GET 200 https://registry.npmjs.org/argparse 24ms (cache miss)
689 silly packumentCache full:https://registry.npmjs.org/argparse set size:undefined disposed:false
690 silly fetch manifest entities@^4.5.0
691 silly packumentCache full:https://registry.npmjs.org/entities cache-miss
692 http fetch GET 200 https://registry.npmjs.org/entities 26ms (cache miss)
693 silly packumentCache full:https://registry.npmjs.org/entities set size:undefined disposed:false
694 silly fetch manifest uc.micro@^2.1.0
695 silly packumentCache full:https://registry.npmjs.org/uc.micro cache-miss
696 http fetch GET 200 https://registry.npmjs.org/uc.micro 23ms (cache miss)
697 silly packumentCache full:https://registry.npmjs.org/uc.micro set size:undefined disposed:false
698 silly fetch manifest linkify-it@^5.0.2
699 silly packumentCache full:https://registry.npmjs.org/linkify-it cache-miss
700 http fetch GET 200 https://registry.npmjs.org/linkify-it 29ms (cache miss)
701 silly packumentCache full:https://registry.npmjs.org/linkify-it set size:undefined disposed:false
702 silly fetch manifest punycode.js@^2.3.1
703 silly packumentCache full:https://registry.npmjs.org/punycode.js cache-miss
704 http fetch GET 200 https://registry.npmjs.org/punycode.js 28ms (cache miss)
705 silly packumentCache full:https://registry.npmjs.org/punycode.js set size:undefined disposed:false
706 silly fetch manifest lodash@^4.17.21
707 silly packumentCache full:https://registry.npmjs.org/lodash cache-hit
708 silly placeDep ROOT @babel/types@7.29.8 OK for: @babel/parser@7.29.8 want: ^7.29.8
709 silly fetch manifest @babel/helper-string-parser@^7.29.7
710 silly packumentCache full:https://registry.npmjs.org/@babel%2fhelper-string-parser cache-miss
711 http fetch GET 200 https://registry.npmjs.org/@babel%2fhelper-string-parser 31ms (cache miss)
712 silly packumentCache full:https://registry.npmjs.org/@babel%2fhelper-string-parser set size:undefined disposed:false
713 silly fetch manifest @babel/helper-validator-identifier@^7.29.7
714 silly packumentCache full:https://registry.npmjs.org/@babel%2fhelper-validator-identifier cache-miss
715 http fetch GET 200 https://registry.npmjs.org/@babel%2fhelper-validator-identifier 61ms (cache miss)
716 silly packumentCache full:https://registry.npmjs.org/@babel%2fhelper-validator-identifier set size:undefined disposed:false
717 silly placeDep ROOT @babel/helper-string-parser@7.29.7 OK for: @babel/types@7.29.8 want: ^7.29.7
718 silly placeDep ROOT @babel/helper-validator-identifier@7.29.7 OK for: @babel/types@7.29.8 want: ^7.29.7
719 silly placeDep ROOT lodash@4.18.1 OK for: @jsdoc/salty@0.2.12 want: ^4.18.1
720 silly placeDep ROOT @types/linkify-it@5.0.0 OK for: @types/markdown-it@14.2.0 want: ^5
721 silly placeDep ROOT @types/mdurl@2.0.0 OK for: @types/markdown-it@14.2.0 want: ^2
722 silly placeDep ROOT xmlcreate@2.0.4 OK for: js2xmlparser@4.0.2 want: ^2.0.4
723 silly placeDep ROOT graceful-fs@4.2.11 OK for: klaw@3.0.0 want: ^4.1.9
724 silly placeDep ROOT argparse@2.0.1 OK for: markdown-it@14.3.2 want: ^2.0.1
725 silly placeDep ROOT entities@4.5.0 OK for: markdown-it@14.3.2 want: ^4.5.0
726 silly placeDep ROOT linkify-it@5.0.2 OK for: markdown-it@14.3.2 want: ^5.0.2
727 silly placeDep ROOT mdurl@2.1.0 OK for: markdown-it@14.3.2 want: ^2.0.0
728 silly placeDep ROOT punycode.js@2.3.1 OK for: markdown-it@14.3.2 want: ^2.3.1
729 silly placeDep ROOT uc.micro@2.1.0 OK for: markdown-it@14.3.2 want: ^2.1.0
730 silly fetch manifest uc.micro@^2.0.0
731 silly packumentCache full:https://registry.npmjs.org/uc.micro cache-miss
732 http fetch GET 200 https://registry.npmjs.org/uc.micro 5ms (cache hit)
733 silly packumentCache full:https://registry.npmjs.org/uc.micro set size:18730 disposed:false
734 silly placeDep ROOT brace-expansion@2.1.7 OK for: minimatch@5.1.9 want: ^2.0.1
735 silly fetch manifest balanced-match@^1.0.0
736 silly packumentCache full:https://registry.npmjs.org/balanced-match cache-miss
737 http fetch GET 200 https://registry.npmjs.org/balanced-match 24ms (cache miss)
738 silly packumentCache full:https://registry.npmjs.org/balanced-match set size:undefined disposed:false
739 silly placeDep ROOT balanced-match@1.0.2 OK for: brace-expansion@2.1.7 want: ^1.0.0
740 silly placeDep ROOT forwarded@0.2.0 OK for: proxy-addr@2.0.8 want: 0.2.0
741 silly placeDep ROOT ipaddr.js@1.9.1 OK for: proxy-addr@2.0.8 want: 1.9.1
742 silly placeDep ROOT side-channel@1.1.1 OK for: qs@6.16.0 want: ^1.1.1
743 silly fetch manifest object-inspect@^1.13.4
744 silly packumentCache full:https://registry.npmjs.org/object-inspect cache-miss
745 http fetch GET 200 https://registry.npmjs.org/object-inspect 2ms (cache hit)
746 silly packumentCache full:https://registry.npmjs.org/object-inspect set size:101927 disposed:false
747 silly fetch manifest side-channel-list@^1.0.1
748 silly packumentCache full:https://registry.npmjs.org/side-channel-list cache-miss
749 http fetch GET 200 https://registry.npmjs.org/side-channel-list 2ms (cache hit)
750 silly packumentCache full:https://registry.npmjs.org/side-channel-list set size:9021 disposed:false
751 silly fetch manifest side-channel-map@^1.0.1
752 silly packumentCache full:https://registry.npmjs.org/side-channel-map cache-miss
753 http fetch GET 200 https://registry.npmjs.org/side-channel-map 2ms (cache hit)
754 silly packumentCache full:https://registry.npmjs.org/side-channel-map set size:9126 disposed:false
755 silly fetch manifest side-channel-weakmap@^1.0.2
756 silly packumentCache full:https://registry.npmjs.org/side-channel-weakmap cache-miss
757 http fetch GET 200 https://registry.npmjs.org/side-channel-weakmap 2ms (cache hit)
758 silly packumentCache full:https://registry.npmjs.org/side-channel-weakmap set size:12620 disposed:false
759 silly placeDep ROOT mime@1.6.0 OK for: send@0.19.2 want: 1.6.0
760 silly placeDep node_modules/send ms@2.1.3 OK for: send@0.19.2 want: 2.1.3
761 silly placeDep ROOT object-inspect@1.13.4 OK for: side-channel@1.1.1 want: ^1.13.4
762 silly placeDep ROOT side-channel-list@1.0.1 OK for: side-channel@1.1.1 want: ^1.0.1
763 silly placeDep ROOT side-channel-map@1.0.1 OK for: side-channel@1.1.1 want: ^1.0.1
764 silly placeDep ROOT side-channel-weakmap@1.0.2 OK for: side-channel@1.1.1 want: ^1.0.2
765 silly fetch manifest call-bound@^1.0.2
766 silly packumentCache full:https://registry.npmjs.org/call-bound cache-miss
767 http fetch GET 200 https://registry.npmjs.org/call-bound 2ms (cache hit)
768 silly packumentCache full:https://registry.npmjs.org/call-bound set size:15317 disposed:false
769 silly placeDep ROOT call-bound@1.0.4 OK for: side-channel-map@1.0.1 want: ^1.0.2
770 silly placeDep ROOT media-typer@0.3.0 OK for: type-is@1.6.18 want: 0.3.0
771 silly placeDep node_modules/agent-base ms@2.1.3 OK for: debug@4.4.3 want: ^2.1.3
772 silly placeDep node_modules/https-proxy-agent ms@2.1.3 OK for: debug@4.4.3 want: ^2.1.3
773 warn EBADENGINE Unsupported engine {
773 warn EBADENGINE   package: 'gtfs-realtime-bindings@2.2.0',
773 warn EBADENGINE   required: { node: '>=22' },
773 warn EBADENGINE   current: { node: 'v20.20.2', npm: '10.8.2' }
773 warn EBADENGINE }
774 silly reify moves {}
775 silly audit bulk request {
775 silly audit   axios: [ '1.20.0' ],
775 silly audit   compression: [ '1.8.2' ],
775 silly audit   cors: [ '2.8.6' ],
775 silly audit   dotenv: [ '16.6.1' ],
775 silly audit   express: [ '4.22.3' ],
775 silly audit   'gtfs-realtime-bindings': [ '2.2.0' ],
775 silly audit   morgan: [ '1.12.1' ],
775 silly audit   'node-cache': [ '5.1.2' ],
775 silly audit   'follow-redirects': [ '1.16.0' ],
775 silly audit   'form-data': [ '4.0.6' ],
775 silly audit   'https-proxy-agent': [ '5.0.1' ],
775 silly audit   'proxy-from-env': [ '2.1.0' ],
775 silly audit   bytes: [ '3.1.2' ],
775 silly audit   compressible: [ '2.0.18' ],
775 silly audit   debug: [ '2.6.9', '4.4.3' ],
775 silly audit   destroy: [ '1.2.0' ],
775 silly audit   negotiator: [ '0.6.4', '0.6.3' ],
775 silly audit   'on-headers': [ '1.1.0' ],
775 silly audit   'safe-buffer': [ '5.2.1', '5.1.2' ],
775 silly audit   vary: [ '1.1.2' ],
775 silly audit   'mime-db': [ '1.54.0', '1.52.0' ],
775 silly audit   'object-assign': [ '4.1.1' ],
775 silly audit   ms: [ '2.0.0', '2.1.3' ],
775 silly audit   accepts: [ '1.3.8' ],
775 silly audit   'array-flatten': [ '1.1.1' ],
775 silly audit   'body-parser': [ '1.20.8' ],
775 silly audit   'content-disposition': [ '0.5.4' ],
775 silly audit   'content-type': [ '1.0.5' ],
775 silly audit   cookie: [ '0.7.2' ],
775 silly audit   'cookie-signature': [ '1.0.7' ],
775 silly audit   depd: [ '2.0.0' ],
775 silly audit   encodeurl: [ '2.0.0' ],
775 silly audit   'escape-html': [ '1.0.3' ],
775 silly audit   etag: [ '1.8.1' ],
775 silly audit   finalhandler: [ '1.3.2' ],
775 silly audit   fresh: [ '0.5.2' ],
775 silly audit   'http-errors': [ '2.0.1' ],
775 silly audit   'merge-descriptors': [ '1.0.3' ],
775 silly audit   methods: [ '1.1.2' ],
775 silly audit   'on-finished': [ '2.4.1' ],
775 silly audit   parseurl: [ '1.3.3' ],
775 silly audit   'path-to-regexp': [ '0.1.13' ],
775 silly audit   'proxy-addr': [ '2.0.8' ],
775 silly audit   qs: [ '6.16.0' ],
775 silly audit   'range-parser': [ '1.2.1' ],
775 silly audit   send: [ '0.19.2' ],
775 silly audit   'serve-static': [ '1.16.3' ],
775 silly audit   setprototypeof: [ '1.2.0' ],
775 silly audit   statuses: [ '2.0.2' ],
775 silly audit   'type-is': [ '1.6.18' ],
775 silly audit   'utils-merge': [ '1.0.1' ],
775 silly audit   'mime-types': [ '2.1.35' ],
775 silly audit   'iconv-lite': [ '0.4.24' ],
775 silly audit   'raw-body': [ '2.5.3' ],
775 silly audit   unpipe: [ '1.0.0' ],
775 silly audit   asynckit: [ '0.4.0' ],
775 silly audit   'combined-stream': [ '1.0.8' ],
775 silly audit   'es-set-tostringtag': [ '2.1.0' ],
775 silly audit   hasown: [ '2.0.4' ],
775 silly audit   'delayed-stream': [ '1.0.0' ],
775 silly audit   'es-errors': [ '1.3.0' ],
775 silly audit   'get-intrinsic': [ '1.3.0' ],
775 silly audit   'has-tostringtag': [ '1.0.2' ],
775 silly audit   'call-bind-apply-helpers': [ '1.0.2' ],
775 silly audit   'es-define-property': [ '1.0.1' ],
775 silly audit   'es-object-atoms': [ '1.1.2' ],
775 silly audit   'function-bind': [ '1.1.2' ],
775 silly audit   'get-proto': [ '1.0.1' ],
775 silly audit   gopd: [ '1.2.0' ],
775 silly audit   'has-symbols': [ '1.1.0' ],
775 silly audit   'math-intrinsics': [ '1.1.0' ],
775 silly audit   'dunder-proto': [ '1.0.1' ],
775 silly audit   protobufjs: [ '8.8.0' ],
775 silly audit   'protobufjs-cli': [ '2.7.0' ],
775 silly audit   inherits: [ '2.0.4' ],
775 silly audit   toidentifier: [ '1.0.1' ],
775 silly audit   'agent-base': [ '6.0.2' ],
775 silly audit   'safer-buffer': [ '2.1.2' ],
775 silly audit   'basic-auth': [ '2.0.1' ],
775 silly audit   clone: [ '2.1.2' ],
775 silly audit   'ee-first': [ '1.1.1' ],
775 silly audit   long: [ '5.3.2' ],
775 silly audit   escodegen: [ '2.1.0' ],
775 silly audit   espree: [ '9.6.1' ],
775 silly audit   estraverse: [ '5.3.0' ],
775 silly audit   glob: [ '8.1.0' ],
775 silly audit   jsdoc: [ '4.0.5' ],
775 silly audit   minimist: [ '1.2.8' ],
775 silly audit   tmp: [ '0.2.7' ],
775 silly audit   esprima: [ '4.0.1' ],
775 silly audit   esutils: [ '2.0.3' ],
775 silly audit   'source-map': [ '0.6.1' ],
775 silly audit   acorn: [ '8.18.0' ],
775 silly audit   'acorn-jsx': [ '5.3.2' ],
775 silly audit   'eslint-visitor-keys': [ '3.4.3' ],
775 silly audit   'fs.realpath': [ '1.0.0' ],
775 silly audit   inflight: [ '1.0.6' ],
775 silly audit   minimatch: [ '5.1.9' ],
775 silly audit   once: [ '1.4.0' ],
775 silly audit   wrappy: [ '1.0.2' ],
775 silly audit   '@babel/parser': [ '7.29.8' ],
775 silly audit   '@jsdoc/salty': [ '0.2.12' ],
775 silly audit   '@types/markdown-it': [ '14.2.0' ],
775 silly audit   bluebird: [ '3.7.2' ],
775 silly audit   catharsis: [ '0.9.0' ],
775 silly audit   'escape-string-regexp': [ '2.0.0' ],
775 silly audit   js2xmlparser: [ '4.0.2' ],
775 silly audit   klaw: [ '3.0.0' ],
775 silly audit   'markdown-it': [ '14.3.2' ],
775 silly audit   'markdown-it-anchor': [ '8.6.7' ],
775 silly audit   marked: [ '4.3.0' ],
775 silly audit   mkdirp: [ '1.0.4' ],
775 silly audit   requizzle: [ '0.2.4' ],
775 silly audit   'strip-json-comments': [ '3.1.1' ],
775 silly audit   underscore: [ '1.13.8' ],
775 silly audit   '@babel/types': [ '7.29.8' ],
775 silly audit   '@babel/helper-string-parser': [ '7.29.7' ],
775 silly audit   '@babel/helper-validator-identifier': [ '7.29.7' ],
775 silly audit   lodash: [ '4.18.1' ],
775 silly audit   '@types/linkify-it': [ '5.0.0' ],
775 silly audit   '@types/mdurl': [ '2.0.0' ],
775 silly audit   xmlcreate: [ '2.0.4' ],
775 silly audit   'graceful-fs': [ '4.2.11' ],
775 silly audit   argparse: [ '2.0.1' ],
775 silly audit   entities: [ '4.5.0' ],
775 silly audit   'linkify-it': [ '5.0.2' ],
775 silly audit   mdurl: [ '2.1.0' ],
775 silly audit   'punycode.js': [ '2.3.1' ],
775 silly audit   'uc.micro': [ '2.1.0' ],
775 silly audit   'brace-expansion': [ '2.1.7' ],
775 silly audit   'balanced-match': [ '1.0.2' ],
775 silly audit   forwarded: [ '0.2.0' ],
775 silly audit   'ipaddr.js': [ '1.9.1' ],
775 silly audit   'side-channel': [ '1.1.1' ],
775 silly audit   mime: [ '1.6.0' ],
775 silly audit   'object-inspect': [ '1.13.4' ],
775 silly audit   'side-channel-list': [ '1.0.1' ],
775 silly audit   'side-channel-map': [ '1.0.1' ],
775 silly audit   'side-channel-weakmap': [ '1.0.2' ],
775 silly audit   'call-bound': [ '1.0.4' ],
775 silly audit   'media-typer': [ '0.3.0' ]
775 silly audit }
776 silly tarball no local data for media-typer@https://registry.npmjs.org/media-typer/-/media-typer-0.3.0.tgz. Extracting by manifest.
777 silly tarball no local data for call-bound@https://registry.npmjs.org/call-bound/-/call-bound-1.0.4.tgz. Extracting by manifest.
778 silly tarball no local data for side-channel-map@https://registry.npmjs.org/side-channel-map/-/side-channel-map-1.0.1.tgz. Extracting by manifest.
779 silly tarball no local data for side-channel-list@https://registry.npmjs.org/side-channel-list/-/side-channel-list-1.0.1.tgz. Extracting by manifest.
780 silly tarball no local data for object-inspect@https://registry.npmjs.org/object-inspect/-/object-inspect-1.13.4.tgz. Extracting by manifest.
781 silly tarball no local data for mime@https://registry.npmjs.org/mime/-/mime-1.6.0.tgz. Extracting by manifest.
782 silly tarball no local data for side-channel-weakmap@https://registry.npmjs.org/side-channel-weakmap/-/side-channel-weakmap-1.0.2.tgz. Extracting by manifest.
783 silly tarball no local data for side-channel@https://registry.npmjs.org/side-channel/-/side-channel-1.1.1.tgz. Extracting by manifest.
784 silly tarball no local data for ipaddr.js@https://registry.npmjs.org/ipaddr.js/-/ipaddr.js-1.9.1.tgz. Extracting by manifest.
785 silly tarball no local data for forwarded@https://registry.npmjs.org/forwarded/-/forwarded-0.2.0.tgz. Extracting by manifest.
786 silly tarball no local data for balanced-match@https://registry.npmjs.org/balanced-match/-/balanced-match-1.0.2.tgz. Extracting by manifest.
787 silly tarball no local data for brace-expansion@https://registry.npmjs.org/brace-expansion/-/brace-expansion-2.1.7.tgz. Extracting by manifest.
788 silly tarball no local data for uc.micro@https://registry.npmjs.org/uc.micro/-/uc.micro-2.1.0.tgz. Extracting by manifest.
789 silly tarball no local data for punycode.js@https://registry.npmjs.org/punycode.js/-/punycode.js-2.3.1.tgz. Extracting by manifest.
790 silly tarball no local data for mdurl@https://registry.npmjs.org/mdurl/-/mdurl-2.1.0.tgz. Extracting by manifest.
791 silly tarball no local data for linkify-it@https://registry.npmjs.org/linkify-it/-/linkify-it-5.0.2.tgz. Extracting by manifest.
792 silly tarball no local data for entities@https://registry.npmjs.org/entities/-/entities-4.5.0.tgz. Extracting by manifest.
793 silly tarball no local data for graceful-fs@https://registry.npmjs.org/graceful-fs/-/graceful-fs-4.2.11.tgz. Extracting by manifest.
794 silly tarball no local data for argparse@https://registry.npmjs.org/argparse/-/argparse-2.0.1.tgz. Extracting by manifest.
795 silly tarball no local data for xmlcreate@https://registry.npmjs.org/xmlcreate/-/xmlcreate-2.0.4.tgz. Extracting by manifest.
796 silly tarball no local data for @types/mdurl@https://registry.npmjs.org/@types/mdurl/-/mdurl-2.0.0.tgz. Extracting by manifest.
797 silly tarball no local data for @types/linkify-it@https://registry.npmjs.org/@types/linkify-it/-/linkify-it-5.0.0.tgz. Extracting by manifest.
798 silly tarball no local data for lodash@https://registry.npmjs.org/lodash/-/lodash-4.18.1.tgz. Extracting by manifest.
799 silly tarball no local data for @babel/helper-validator-identifier@https://registry.npmjs.org/@babel/helper-validator-identifier/-/helper-validator-identifier-7.29.7.tgz. Extracting by manifest.
800 silly tarball no local data for @babel/helper-string-parser@https://registry.npmjs.org/@babel/helper-string-parser/-/helper-string-parser-7.29.7.tgz. Extracting by manifest.
801 silly tarball no local data for @babel/types@https://registry.npmjs.org/@babel/types/-/types-7.29.8.tgz. Extracting by manifest.
802 silly tarball no local data for underscore@https://registry.npmjs.org/underscore/-/underscore-1.13.8.tgz. Extracting by manifest.
803 silly tarball no local data for strip-json-comments@https://registry.npmjs.org/strip-json-comments/-/strip-json-comments-3.1.1.tgz. Extracting by manifest.
804 silly tarball no local data for requizzle@https://registry.npmjs.org/requizzle/-/requizzle-0.2.4.tgz. Extracting by manifest.
805 silly tarball no local data for mkdirp@https://registry.npmjs.org/mkdirp/-/mkdirp-1.0.4.tgz. Extracting by manifest.
806 silly tarball no local data for marked@https://registry.npmjs.org/marked/-/marked-4.3.0.tgz. Extracting by manifest.
807 silly tarball no local data for markdown-it-anchor@https://registry.npmjs.org/markdown-it-anchor/-/markdown-it-anchor-8.6.7.tgz. Extracting by manifest.
808 silly tarball no local data for markdown-it@https://registry.npmjs.org/markdown-it/-/markdown-it-14.3.2.tgz. Extracting by manifest.
809 silly tarball no local data for klaw@https://registry.npmjs.org/klaw/-/klaw-3.0.0.tgz. Extracting by manifest.
810 silly tarball no local data for js2xmlparser@https://registry.npmjs.org/js2xmlparser/-/js2xmlparser-4.0.2.tgz. Extracting by manifest.
811 silly tarball no local data for escape-string-regexp@https://registry.npmjs.org/escape-string-regexp/-/escape-string-regexp-2.0.0.tgz. Extracting by manifest.
812 silly tarball no local data for catharsis@https://registry.npmjs.org/catharsis/-/catharsis-0.9.0.tgz. Extracting by manifest.
813 silly tarball no local data for bluebird@https://registry.npmjs.org/bluebird/-/bluebird-3.7.2.tgz. Extracting by manifest.
814 silly tarball no local data for @types/markdown-it@https://registry.npmjs.org/@types/markdown-it/-/markdown-it-14.2.0.tgz. Extracting by manifest.
815 silly tarball no local data for @jsdoc/salty@https://registry.npmjs.org/@jsdoc/salty/-/salty-0.2.12.tgz. Extracting by manifest.
816 silly tarball no local data for @babel/parser@https://registry.npmjs.org/@babel/parser/-/parser-7.29.8.tgz. Extracting by manifest.
817 silly tarball no local data for wrappy@https://registry.npmjs.org/wrappy/-/wrappy-1.0.2.tgz. Extracting by manifest.
818 silly tarball no local data for once@https://registry.npmjs.org/once/-/once-1.4.0.tgz. Extracting by manifest.
819 silly tarball no local data for minimatch@https://registry.npmjs.org/minimatch/-/minimatch-5.1.9.tgz. Extracting by manifest.
820 silly tarball no local data for inflight@https://registry.npmjs.org/inflight/-/inflight-1.0.6.tgz. Extracting by manifest.
821 silly tarball no local data for fs.realpath@https://registry.npmjs.org/fs.realpath/-/fs.realpath-1.0.0.tgz. Extracting by manifest.
822 silly tarball no local data for eslint-visitor-keys@https://registry.npmjs.org/eslint-visitor-keys/-/eslint-visitor-keys-3.4.3.tgz. Extracting by manifest.
823 silly tarball no local data for acorn-jsx@https://registry.npmjs.org/acorn-jsx/-/acorn-jsx-5.3.2.tgz. Extracting by manifest.
824 silly tarball no local data for acorn@https://registry.npmjs.org/acorn/-/acorn-8.18.0.tgz. Extracting by manifest.
825 silly tarball no local data for source-map@https://registry.npmjs.org/source-map/-/source-map-0.6.1.tgz. Extracting by manifest.
826 silly tarball no local data for esutils@https://registry.npmjs.org/esutils/-/esutils-2.0.3.tgz. Extracting by manifest.
827 silly tarball no local data for esprima@https://registry.npmjs.org/esprima/-/esprima-4.0.1.tgz. Extracting by manifest.
828 silly tarball no local data for tmp@https://registry.npmjs.org/tmp/-/tmp-0.2.7.tgz. Extracting by manifest.
829 silly tarball no local data for minimist@https://registry.npmjs.org/minimist/-/minimist-1.2.8.tgz. Extracting by manifest.
830 silly tarball no local data for jsdoc@https://registry.npmjs.org/jsdoc/-/jsdoc-4.0.5.tgz. Extracting by manifest.
831 silly tarball no local data for glob@https://registry.npmjs.org/glob/-/glob-8.1.0.tgz. Extracting by manifest.
832 silly tarball no local data for estraverse@https://registry.npmjs.org/estraverse/-/estraverse-5.3.0.tgz. Extracting by manifest.
833 silly tarball no local data for espree@https://registry.npmjs.org/espree/-/espree-9.6.1.tgz. Extracting by manifest.
834 silly tarball no local data for escodegen@https://registry.npmjs.org/escodegen/-/escodegen-2.1.0.tgz. Extracting by manifest.
835 silly tarball no local data for long@https://registry.npmjs.org/long/-/long-5.3.2.tgz. Extracting by manifest.
836 silly tarball no local data for ee-first@https://registry.npmjs.org/ee-first/-/ee-first-1.1.1.tgz. Extracting by manifest.
837 silly tarball no local data for clone@https://registry.npmjs.org/clone/-/clone-2.1.2.tgz. Extracting by manifest.
838 silly tarball no local data for basic-auth@https://registry.npmjs.org/basic-auth/-/basic-auth-2.0.1.tgz. Extracting by manifest.
839 silly tarball no local data for safer-buffer@https://registry.npmjs.org/safer-buffer/-/safer-buffer-2.1.2.tgz. Extracting by manifest.
840 silly tarball no local data for agent-base@https://registry.npmjs.org/agent-base/-/agent-base-6.0.2.tgz. Extracting by manifest.
841 silly tarball no local data for toidentifier@https://registry.npmjs.org/toidentifier/-/toidentifier-1.0.1.tgz. Extracting by manifest.
842 silly tarball no local data for inherits@https://registry.npmjs.org/inherits/-/inherits-2.0.4.tgz. Extracting by manifest.
843 silly tarball no local data for protobufjs-cli@https://registry.npmjs.org/protobufjs-cli/-/protobufjs-cli-2.7.0.tgz. Extracting by manifest.
844 silly tarball no local data for protobufjs@https://registry.npmjs.org/protobufjs/-/protobufjs-8.8.0.tgz. Extracting by manifest.
845 silly tarball no local data for dunder-proto@https://registry.npmjs.org/dunder-proto/-/dunder-proto-1.0.1.tgz. Extracting by manifest.
846 silly tarball no local data for math-intrinsics@https://registry.npmjs.org/math-intrinsics/-/math-intrinsics-1.1.0.tgz. Extracting by manifest.
847 silly tarball no local data for has-symbols@https://registry.npmjs.org/has-symbols/-/has-symbols-1.1.0.tgz. Extracting by manifest.
848 silly tarball no local data for gopd@https://registry.npmjs.org/gopd/-/gopd-1.2.0.tgz. Extracting by manifest.
849 silly tarball no local data for get-proto@https://registry.npmjs.org/get-proto/-/get-proto-1.0.1.tgz. Extracting by manifest.
850 silly tarball no local data for function-bind@https://registry.npmjs.org/function-bind/-/function-bind-1.1.2.tgz. Extracting by manifest.
851 silly tarball no local data for es-object-atoms@https://registry.npmjs.org/es-object-atoms/-/es-object-atoms-1.1.2.tgz. Extracting by manifest.
852 silly tarball no local data for es-define-property@https://registry.npmjs.org/es-define-property/-/es-define-property-1.0.1.tgz. Extracting by manifest.
853 silly tarball no local data for call-bind-apply-helpers@https://registry.npmjs.org/call-bind-apply-helpers/-/call-bind-apply-helpers-1.0.2.tgz. Extracting by manifest.
854 silly tarball no local data for has-tostringtag@https://registry.npmjs.org/has-tostringtag/-/has-tostringtag-1.0.2.tgz. Extracting by manifest.
855 silly tarball no local data for get-intrinsic@https://registry.npmjs.org/get-intrinsic/-/get-intrinsic-1.3.0.tgz. Extracting by manifest.
856 silly tarball no local data for es-errors@https://registry.npmjs.org/es-errors/-/es-errors-1.3.0.tgz. Extracting by manifest.
857 silly tarball no local data for delayed-stream@https://registry.npmjs.org/delayed-stream/-/delayed-stream-1.0.0.tgz. Extracting by manifest.
858 silly tarball no local data for hasown@https://registry.npmjs.org/hasown/-/hasown-2.0.4.tgz. Extracting by manifest.
859 silly tarball no local data for es-set-tostringtag@https://registry.npmjs.org/es-set-tostringtag/-/es-set-tostringtag-2.1.0.tgz. Extracting by manifest.
860 silly tarball no local data for combined-stream@https://registry.npmjs.org/combined-stream/-/combined-stream-1.0.8.tgz. Extracting by manifest.
861 silly tarball no local data for asynckit@https://registry.npmjs.org/asynckit/-/asynckit-0.4.0.tgz. Extracting by manifest.
862 silly tarball no local data for unpipe@https://registry.npmjs.org/unpipe/-/unpipe-1.0.0.tgz. Extracting by manifest.
863 silly tarball no local data for raw-body@https://registry.npmjs.org/raw-body/-/raw-body-2.5.3.tgz. Extracting by manifest.
864 silly tarball no local data for iconv-lite@https://registry.npmjs.org/iconv-lite/-/iconv-lite-0.4.24.tgz. Extracting by manifest.
865 silly tarball no local data for mime-types@https://registry.npmjs.org/mime-types/-/mime-types-2.1.35.tgz. Extracting by manifest.
866 silly tarball no local data for utils-merge@https://registry.npmjs.org/utils-merge/-/utils-merge-1.0.1.tgz. Extracting by manifest.
867 silly tarball no local data for type-is@https://registry.npmjs.org/type-is/-/type-is-1.6.18.tgz. Extracting by manifest.
868 silly tarball no local data for statuses@https://registry.npmjs.org/statuses/-/statuses-2.0.2.tgz. Extracting by manifest.
869 silly tarball no local data for setprototypeof@https://registry.npmjs.org/setprototypeof/-/setprototypeof-1.2.0.tgz. Extracting by manifest.
870 silly tarball no local data for serve-static@https://registry.npmjs.org/serve-static/-/serve-static-1.16.3.tgz. Extracting by manifest.
871 silly tarball no local data for send@https://registry.npmjs.org/send/-/send-0.19.2.tgz. Extracting by manifest.
872 silly tarball no local data for range-parser@https://registry.npmjs.org/range-parser/-/range-parser-1.2.1.tgz. Extracting by manifest.
873 silly tarball no local data for qs@https://registry.npmjs.org/qs/-/qs-6.16.0.tgz. Extracting by manifest.
874 silly tarball no local data for proxy-addr@https://registry.npmjs.org/proxy-addr/-/proxy-addr-2.0.8.tgz. Extracting by manifest.
875 silly tarball no local data for path-to-regexp@https://registry.npmjs.org/path-to-regexp/-/path-to-regexp-0.1.13.tgz. Extracting by manifest.
876 silly tarball no local data for parseurl@https://registry.npmjs.org/parseurl/-/parseurl-1.3.3.tgz. Extracting by manifest.
877 silly tarball no local data for on-finished@https://registry.npmjs.org/on-finished/-/on-finished-2.4.1.tgz. Extracting by manifest.
878 silly tarball no local data for methods@https://registry.npmjs.org/methods/-/methods-1.1.2.tgz. Extracting by manifest.
879 silly tarball no local data for merge-descriptors@https://registry.npmjs.org/merge-descriptors/-/merge-descriptors-1.0.3.tgz. Extracting by manifest.
880 silly tarball no local data for http-errors@https://registry.npmjs.org/http-errors/-/http-errors-2.0.1.tgz. Extracting by manifest.
881 silly tarball no local data for fresh@https://registry.npmjs.org/fresh/-/fresh-0.5.2.tgz. Extracting by manifest.
882 silly tarball no local data for finalhandler@https://registry.npmjs.org/finalhandler/-/finalhandler-1.3.2.tgz. Extracting by manifest.
883 silly tarball no local data for etag@https://registry.npmjs.org/etag/-/etag-1.8.1.tgz. Extracting by manifest.
884 silly tarball no local data for escape-html@https://registry.npmjs.org/escape-html/-/escape-html-1.0.3.tgz. Extracting by manifest.
885 silly tarball no local data for encodeurl@https://registry.npmjs.org/encodeurl/-/encodeurl-2.0.0.tgz. Extracting by manifest.
886 silly tarball no local data for depd@https://registry.npmjs.org/depd/-/depd-2.0.0.tgz. Extracting by manifest.
887 silly tarball no local data for cookie-signature@https://registry.npmjs.org/cookie-signature/-/cookie-signature-1.0.7.tgz. Extracting by manifest.
888 silly tarball no local data for cookie@https://registry.npmjs.org/cookie/-/cookie-0.7.2.tgz. Extracting by manifest.
889 silly tarball no local data for content-type@https://registry.npmjs.org/content-type/-/content-type-1.0.5.tgz. Extracting by manifest.
890 silly tarball no local data for content-disposition@https://registry.npmjs.org/content-disposition/-/content-disposition-0.5.4.tgz. Extracting by manifest.
891 silly tarball no local data for body-parser@https://registry.npmjs.org/body-parser/-/body-parser-1.20.8.tgz. Extracting by manifest.
892 silly tarball no local data for array-flatten@https://registry.npmjs.org/array-flatten/-/array-flatten-1.1.1.tgz. Extracting by manifest.
893 silly tarball no local data for accepts@https://registry.npmjs.org/accepts/-/accepts-1.3.8.tgz. Extracting by manifest.
894 silly tarball no local data for ms@https://registry.npmjs.org/ms/-/ms-2.0.0.tgz. Extracting by manifest.
895 silly tarball no local data for object-assign@https://registry.npmjs.org/object-assign/-/object-assign-4.1.1.tgz. Extracting by manifest.
896 silly tarball no local data for mime-db@https://registry.npmjs.org/mime-db/-/mime-db-1.54.0.tgz. Extracting by manifest.
897 silly tarball no local data for vary@https://registry.npmjs.org/vary/-/vary-1.1.2.tgz. Extracting by manifest.
898 silly tarball no local data for safe-buffer@https://registry.npmjs.org/safe-buffer/-/safe-buffer-5.2.1.tgz. Extracting by manifest.
899 silly tarball no local data for on-headers@https://registry.npmjs.org/on-headers/-/on-headers-1.1.0.tgz. Extracting by manifest.
900 silly tarball no local data for negotiator@https://registry.npmjs.org/negotiator/-/negotiator-0.6.4.tgz. Extracting by manifest.
901 silly tarball no local data for destroy@https://registry.npmjs.org/destroy/-/destroy-1.2.0.tgz. Extracting by manifest.
902 silly tarball no local data for debug@https://registry.npmjs.org/debug/-/debug-2.6.9.tgz. Extracting by manifest.
903 silly tarball no local data for compressible@https://registry.npmjs.org/compressible/-/compressible-2.0.18.tgz. Extracting by manifest.
904 silly tarball no local data for bytes@https://registry.npmjs.org/bytes/-/bytes-3.1.2.tgz. Extracting by manifest.
905 silly tarball no local data for proxy-from-env@https://registry.npmjs.org/proxy-from-env/-/proxy-from-env-2.1.0.tgz. Extracting by manifest.
906 silly tarball no local data for https-proxy-agent@https://registry.npmjs.org/https-proxy-agent/-/https-proxy-agent-5.0.1.tgz. Extracting by manifest.
907 silly tarball no local data for form-data@https://registry.npmjs.org/form-data/-/form-data-4.0.6.tgz. Extracting by manifest.
908 silly tarball no local data for follow-redirects@https://registry.npmjs.org/follow-redirects/-/follow-redirects-1.16.0.tgz. Extracting by manifest.
909 silly tarball no local data for node-cache@https://registry.npmjs.org/node-cache/-/node-cache-5.1.2.tgz. Extracting by manifest.
910 silly tarball no local data for morgan@https://registry.npmjs.org/morgan/-/morgan-1.12.1.tgz. Extracting by manifest.
911 silly tarball no local data for gtfs-realtime-bindings@https://registry.npmjs.org/gtfs-realtime-bindings/-/gtfs-realtime-bindings-2.2.0.tgz. Extracting by manifest.
912 silly tarball no local data for express@https://registry.npmjs.org/express/-/express-4.22.3.tgz. Extracting by manifest.
913 silly tarball no local data for dotenv@https://registry.npmjs.org/dotenv/-/dotenv-16.6.1.tgz. Extracting by manifest.
914 silly tarball no local data for cors@https://registry.npmjs.org/cors/-/cors-2.8.6.tgz. Extracting by manifest.
915 silly tarball no local data for compression@https://registry.npmjs.org/compression/-/compression-1.8.2.tgz. Extracting by manifest.
916 silly tarball no local data for axios@https://registry.npmjs.org/axios/-/axios-1.20.0.tgz. Extracting by manifest.
917 silly tarball no local data for safe-buffer@https://registry.npmjs.org/safe-buffer/-/safe-buffer-5.1.2.tgz. Extracting by manifest.
918 silly tarball no local data for ms@https://registry.npmjs.org/ms/-/ms-2.1.3.tgz. Extracting by manifest.
919 silly tarball no local data for debug@https://registry.npmjs.org/debug/-/debug-4.4.3.tgz. Extracting by manifest.
920 silly tarball no local data for mime-db@https://registry.npmjs.org/mime-db/-/mime-db-1.52.0.tgz. Extracting by manifest.
921 silly tarball no local data for ms@https://registry.npmjs.org/ms/-/ms-2.1.3.tgz. Extracting by manifest.
922 silly tarball no local data for negotiator@https://registry.npmjs.org/negotiator/-/negotiator-0.6.3.tgz. Extracting by manifest.
923 silly tarball no local data for ms@https://registry.npmjs.org/ms/-/ms-2.1.3.tgz. Extracting by manifest.
924 silly tarball no local data for debug@https://registry.npmjs.org/debug/-/debug-4.4.3.tgz. Extracting by manifest.
925 http fetch POST 200 https://registry.npmjs.org/-/npm/v1/security/advisories/bulk 209ms
926 silly audit report {}
927 http fetch GET 200 https://registry.npmjs.org/mdurl/-/mdurl-2.1.0.tgz 188ms (cache miss)
928 http fetch GET 200 https://registry.npmjs.org/linkify-it/-/linkify-it-5.0.2.tgz 226ms (cache miss)
929 http fetch GET 200 https://registry.npmjs.org/forwarded/-/forwarded-0.2.0.tgz 616ms (cache miss)
930 http fetch GET 200 https://registry.npmjs.org/@types/mdurl/-/mdurl-2.0.0.tgz 610ms (cache miss)
931 http fetch GET 200 https://registry.npmjs.org/media-typer/-/media-typer-0.3.0.tgz 623ms (cache miss)
932 http fetch GET 200 https://registry.npmjs.org/strip-json-comments/-/strip-json-comments-3.1.1.tgz 629ms (cache miss)
933 http fetch GET 200 https://registry.npmjs.org/escape-string-regexp/-/escape-string-regexp-2.0.0.tgz 646ms (cache miss)
934 http fetch GET 200 https://registry.npmjs.org/brace-expansion/-/brace-expansion-2.1.7.tgz 663ms (cache miss)
935 http fetch GET 200 https://registry.npmjs.org/balanced-match/-/balanced-match-1.0.2.tgz 666ms (cache miss)
936 http fetch GET 200 https://registry.npmjs.org/once/-/once-1.4.0.tgz 648ms (cache miss)
937 http fetch GET 200 https://registry.npmjs.org/side-channel-list/-/side-channel-list-1.0.1.tgz 687ms (cache miss)
938 http fetch GET 200 https://registry.npmjs.org/punycode.js/-/punycode.js-2.3.1.tgz 704ms (cache miss)
939 http fetch GET 200 https://registry.npmjs.org/side-channel-weakmap/-/side-channel-weakmap-1.0.2.tgz 709ms (cache miss)
940 http fetch GET 200 https://registry.npmjs.org/@types/linkify-it/-/linkify-it-5.0.0.tgz 746ms (cache miss)
941 http fetch GET 200 https://registry.npmjs.org/side-channel-map/-/side-channel-map-1.0.1.tgz 760ms (cache miss)
942 http fetch GET 200 https://registry.npmjs.org/inflight/-/inflight-1.0.6.tgz 734ms (cache miss)
943 warn deprecated inflight@1.0.6: This module is not supported, and leaks memory. Do not use it. Check out lru-cache if you want a good and tested way to coalesce async requests by a key value, which is much more comprehensive and powerful.
944 http fetch GET 200 https://registry.npmjs.org/wrappy/-/wrappy-1.0.2.tgz 737ms (cache miss)
945 http fetch GET 200 https://registry.npmjs.org/fs.realpath/-/fs.realpath-1.0.0.tgz 734ms (cache miss)
946 http fetch GET 200 https://registry.npmjs.org/side-channel/-/side-channel-1.1.1.tgz 769ms (cache miss)
947 http fetch GET 200 https://registry.npmjs.org/call-bound/-/call-bound-1.0.4.tgz 772ms (cache miss)
948 http fetch GET 200 https://registry.npmjs.org/mkdirp/-/mkdirp-1.0.4.tgz 755ms (cache miss)
949 http fetch GET 200 https://registry.npmjs.org/minimatch/-/minimatch-5.1.9.tgz 746ms (cache miss)
950 http fetch GET 200 https://registry.npmjs.org/estraverse/-/estraverse-5.3.0.tgz 737ms (cache miss)
951 http fetch GET 200 https://registry.npmjs.org/esutils/-/esutils-2.0.3.tgz 744ms (cache miss)
952 http fetch GET 200 https://registry.npmjs.org/agent-base/-/agent-base-6.0.2.tgz 734ms (cache miss)
953 http fetch GET 200 https://registry.npmjs.org/inherits/-/inherits-2.0.4.tgz 734ms (cache miss)
954 http fetch GET 200 https://registry.npmjs.org/@babel/helper-string-parser/-/helper-string-parser-7.29.7.tgz 768ms (cache miss)
955 http fetch GET 200 https://registry.npmjs.org/graceful-fs/-/graceful-fs-4.2.11.tgz 773ms (cache miss)
956 http fetch GET 200 https://registry.npmjs.org/glob/-/glob-8.1.0.tgz 753ms (cache miss)
957 warn deprecated glob@8.1.0: Old versions of glob are not supported, and contain widely publicized security vulnerabilities, which have been fixed in the current version. Please update. Support for old versions may be purchased (at exorbitant rates) by contacting i@izs.me
958 http fetch GET 200 https://registry.npmjs.org/dunder-proto/-/dunder-proto-1.0.1.tgz 742ms (cache miss)
959 http fetch GET 200 https://registry.npmjs.org/math-intrinsics/-/math-intrinsics-1.1.0.tgz 742ms (cache miss)
960 http fetch GET 200 https://registry.npmjs.org/toidentifier/-/toidentifier-1.0.1.tgz 754ms (cache miss)
961 http fetch GET 200 https://registry.npmjs.org/has-symbols/-/has-symbols-1.1.0.tgz 752ms (cache miss)
962 http fetch GET 200 https://registry.npmjs.org/es-object-atoms/-/es-object-atoms-1.1.2.tgz 747ms (cache miss)
963 http fetch GET 200 https://registry.npmjs.org/ipaddr.js/-/ipaddr.js-1.9.1.tgz 798ms (cache miss)
964 http fetch GET 200 https://registry.npmjs.org/klaw/-/klaw-3.0.0.tgz 786ms (cache miss)
965 http fetch GET 200 https://registry.npmjs.org/acorn-jsx/-/acorn-jsx-5.3.2.tgz 778ms (cache miss)
966 http fetch GET 200 https://registry.npmjs.org/tmp/-/tmp-0.2.7.tgz 776ms (cache miss)
967 http fetch GET 200 https://registry.npmjs.org/ee-first/-/ee-first-1.1.1.tgz 769ms (cache miss)
968 http fetch GET 200 https://registry.npmjs.org/gopd/-/gopd-1.2.0.tgz 764ms (cache miss)
969 http fetch GET 200 https://registry.npmjs.org/es-errors/-/es-errors-1.3.0.tgz 756ms (cache miss)
970 http fetch GET 200 https://registry.npmjs.org/requizzle/-/requizzle-0.2.4.tgz 796ms (cache miss)
971 http fetch GET 200 https://registry.npmjs.org/basic-auth/-/basic-auth-2.0.1.tgz 776ms (cache miss)
972 http fetch GET 200 https://registry.npmjs.org/clone/-/clone-2.1.2.tgz 776ms (cache miss)
973 http fetch GET 200 https://registry.npmjs.org/@jsdoc/salty/-/salty-0.2.12.tgz 798ms (cache miss)
974 http fetch GET 200 https://registry.npmjs.org/espree/-/espree-9.6.1.tgz 783ms (cache miss)
975 http fetch GET 200 https://registry.npmjs.org/hasown/-/hasown-2.0.4.tgz 769ms (cache miss)
976 http fetch GET 200 https://registry.npmjs.org/path-to-regexp/-/path-to-regexp-0.1.13.tgz 758ms (cache miss)
977 http fetch GET 200 https://registry.npmjs.org/function-bind/-/function-bind-1.1.2.tgz 779ms (cache miss)
978 http fetch GET 200 https://registry.npmjs.org/unpipe/-/unpipe-1.0.0.tgz 773ms (cache miss)
979 http fetch GET 200 https://registry.npmjs.org/raw-body/-/raw-body-2.5.3.tgz 770ms (cache miss)
980 http fetch GET 200 https://registry.npmjs.org/utils-merge/-/utils-merge-1.0.1.tgz 768ms (cache miss)
981 http fetch GET 200 https://registry.npmjs.org/send/-/send-0.19.2.tgz 766ms (cache miss)
982 http fetch GET 200 https://registry.npmjs.org/fresh/-/fresh-0.5.2.tgz 748ms (cache miss)
983 http fetch GET 200 https://registry.npmjs.org/uc.micro/-/uc.micro-2.1.0.tgz 830ms (cache miss)
984 http fetch GET 200 https://registry.npmjs.org/get-proto/-/get-proto-1.0.1.tgz 791ms (cache miss)
985 http fetch GET 200 https://registry.npmjs.org/es-define-property/-/es-define-property-1.0.1.tgz 790ms (cache miss)
986 http fetch GET 200 https://registry.npmjs.org/delayed-stream/-/delayed-stream-1.0.0.tgz 788ms (cache miss)
987 http fetch GET 200 https://registry.npmjs.org/es-set-tostringtag/-/es-set-tostringtag-2.1.0.tgz 787ms (cache miss)
988 http fetch GET 200 https://registry.npmjs.org/range-parser/-/range-parser-1.2.1.tgz 778ms (cache miss)
989 http fetch GET 200 https://registry.npmjs.org/encodeurl/-/encodeurl-2.0.0.tgz 757ms (cache miss)
990 http fetch GET 200 https://registry.npmjs.org/long/-/long-5.3.2.tgz 809ms (cache miss)
991 http fetch GET 200 https://registry.npmjs.org/combined-stream/-/combined-stream-1.0.8.tgz 794ms (cache miss)
992 http fetch GET 200 https://registry.npmjs.org/type-is/-/type-is-1.6.18.tgz 788ms (cache miss)
993 http fetch GET 200 https://registry.npmjs.org/setprototypeof/-/setprototypeof-1.2.0.tgz 787ms (cache miss)
994 http fetch GET 200 https://registry.npmjs.org/methods/-/methods-1.1.2.tgz 783ms (cache miss)
995 http fetch GET 200 https://registry.npmjs.org/merge-descriptors/-/merge-descriptors-1.0.3.tgz 771ms (cache miss)
996 http fetch GET 200 https://registry.npmjs.org/on-finished/-/on-finished-2.4.1.tgz 784ms (cache miss)
997 http fetch GET 200 https://registry.npmjs.org/http-errors/-/http-errors-2.0.1.tgz 770ms (cache miss)
998 http fetch GET 200 https://registry.npmjs.org/cookie-signature/-/cookie-signature-1.0.7.tgz 757ms (cache miss)
999 http fetch GET 200 https://registry.npmjs.org/ms/-/ms-2.0.0.tgz 754ms (cache miss)
1000 http fetch GET 200 https://registry.npmjs.org/escodegen/-/escodegen-2.1.0.tgz 817ms (cache miss)
1001 http fetch GET 200 https://registry.npmjs.org/mime-types/-/mime-types-2.1.35.tgz 795ms (cache miss)
1002 http fetch GET 200 https://registry.npmjs.org/serve-static/-/serve-static-1.16.3.tgz 793ms (cache miss)
1003 http fetch GET 200 https://registry.npmjs.org/proxy-addr/-/proxy-addr-2.0.8.tgz 791ms (cache miss)
1004 http fetch GET 200 https://registry.npmjs.org/cookie/-/cookie-0.7.2.tgz 762ms (cache miss)
1005 http fetch GET 200 https://registry.npmjs.org/parseurl/-/parseurl-1.3.3.tgz 795ms (cache miss)
1006 http fetch GET 200 https://registry.npmjs.org/escape-html/-/escape-html-1.0.3.tgz 777ms (cache miss)
1007 http fetch GET 200 https://registry.npmjs.org/proxy-from-env/-/proxy-from-env-2.1.0.tgz 761ms (cache miss)
1008 http fetch GET 200 https://registry.npmjs.org/mime/-/mime-1.6.0.tgz 867ms (cache miss)
1009 http fetch GET 200 https://registry.npmjs.org/has-tostringtag/-/has-tostringtag-1.0.2.tgz 818ms (cache miss)
1010 http fetch GET 200 https://registry.npmjs.org/asynckit/-/asynckit-0.4.0.tgz 816ms (cache miss)
1011 http fetch GET 200 https://registry.npmjs.org/statuses/-/statuses-2.0.2.tgz 808ms (cache miss)
1012 http fetch GET 200 https://registry.npmjs.org/finalhandler/-/finalhandler-1.3.2.tgz 789ms (cache miss)
1013 http fetch GET 200 https://registry.npmjs.org/etag/-/etag-1.8.1.tgz 788ms (cache miss)
1014 http fetch GET 200 https://registry.npmjs.org/accepts/-/accepts-1.3.8.tgz 775ms (cache miss)
1015 http fetch GET 200 https://registry.npmjs.org/object-assign/-/object-assign-4.1.1.tgz 775ms (cache miss)
1016 http fetch GET 200 https://registry.npmjs.org/array-flatten/-/array-flatten-1.1.1.tgz 776ms (cache miss)
1017 http fetch GET 200 https://registry.npmjs.org/negotiator/-/negotiator-0.6.4.tgz 773ms (cache miss)
1018 http fetch GET 200 https://registry.npmjs.org/on-headers/-/on-headers-1.1.0.tgz 773ms (cache miss)
1019 http fetch GET 200 https://registry.npmjs.org/eslint-visitor-keys/-/eslint-visitor-keys-3.4.3.tgz 848ms (cache miss)
1020 http fetch GET 200 https://registry.npmjs.org/safer-buffer/-/safer-buffer-2.1.2.tgz 836ms (cache miss)
1021 http fetch GET 200 https://registry.npmjs.org/content-type/-/content-type-1.0.5.tgz 783ms (cache miss)
1022 http fetch GET 200 https://registry.npmjs.org/compression/-/compression-1.8.2.tgz 770ms (cache miss)
1023 http fetch GET 200 https://registry.npmjs.org/content-disposition/-/content-disposition-0.5.4.tgz 787ms (cache miss)
1024 http fetch GET 200 https://registry.npmjs.org/vary/-/vary-1.1.2.tgz 784ms (cache miss)
1025 http fetch GET 200 https://registry.npmjs.org/destroy/-/destroy-1.2.0.tgz 782ms (cache miss)
1026 http fetch GET 200 https://registry.npmjs.org/compressible/-/compressible-2.0.18.tgz 783ms (cache miss)
1027 http fetch GET 200 https://registry.npmjs.org/bytes/-/bytes-3.1.2.tgz 782ms (cache miss)
1028 http fetch GET 200 https://registry.npmjs.org/negotiator/-/negotiator-0.6.3.tgz 769ms (cache miss)
1029 http fetch GET 200 https://registry.npmjs.org/@babel/helper-validator-identifier/-/helper-validator-identifier-7.29.7.tgz 872ms (cache miss)
1030 http fetch GET 200 https://registry.npmjs.org/mime-db/-/mime-db-1.54.0.tgz 790ms (cache miss)
1031 http fetch GET 200 https://registry.npmjs.org/follow-redirects/-/follow-redirects-1.16.0.tgz 785ms (cache miss)
1032 http fetch GET 200 https://registry.npmjs.org/cors/-/cors-2.8.6.tgz 779ms (cache miss)
1033 http fetch GET 200 https://registry.npmjs.org/safe-buffer/-/safe-buffer-5.2.1.tgz 793ms (cache miss)
1034 http fetch GET 200 https://registry.npmjs.org/https-proxy-agent/-/https-proxy-agent-5.0.1.tgz 789ms (cache miss)
1035 http fetch GET 200 https://registry.npmjs.org/form-data/-/form-data-4.0.6.tgz 789ms (cache miss)
1036 http fetch GET 200 https://registry.npmjs.org/morgan/-/morgan-1.12.1.tgz 788ms (cache miss)
1037 http fetch GET 200 https://registry.npmjs.org/safe-buffer/-/safe-buffer-5.1.2.tgz 782ms (cache miss)
1038 http fetch GET 200 https://registry.npmjs.org/debug/-/debug-4.4.3.tgz 781ms (cache miss)
1039 http fetch GET 200 https://registry.npmjs.org/minimist/-/minimist-1.2.8.tgz 864ms (cache miss)
1040 http fetch GET 200 https://registry.npmjs.org/body-parser/-/body-parser-1.20.8.tgz 801ms (cache miss)
1041 http fetch GET 200 https://registry.npmjs.org/node-cache/-/node-cache-5.1.2.tgz 793ms (cache miss)
1042 http fetch GET 200 https://registry.npmjs.org/js2xmlparser/-/js2xmlparser-4.0.2.tgz 878ms (cache miss)
1043 http fetch GET 200 https://registry.npmjs.org/ms/-/ms-2.1.3.tgz 790ms (cache miss)
1044 http fetch GET 200 https://registry.npmjs.org/depd/-/depd-2.0.0.tgz 817ms (cache miss)
1045 http fetch GET 200 https://registry.npmjs.org/mime-db/-/mime-db-1.52.0.tgz 791ms (cache miss)
1046 http fetch GET 200 https://registry.npmjs.org/call-bind-apply-helpers/-/call-bind-apply-helpers-1.0.2.tgz 857ms (cache miss)
1047 http fetch GET 200 https://registry.npmjs.org/debug/-/debug-4.4.3.tgz 792ms (cache miss)
1048 http fetch GET 200 https://registry.npmjs.org/ms/-/ms-2.1.3.tgz 794ms (cache miss)
1049 http fetch GET 200 https://registry.npmjs.org/ms/-/ms-2.1.3.tgz 795ms (cache miss)
1050 http fetch GET 200 https://registry.npmjs.org/debug/-/debug-2.6.9.tgz 811ms (cache miss)
1051 http fetch GET 200 https://registry.npmjs.org/get-intrinsic/-/get-intrinsic-1.3.0.tgz 868ms (cache miss)
1052 http fetch GET 200 https://registry.npmjs.org/catharsis/-/catharsis-0.9.0.tgz 901ms (cache miss)
1053 http fetch GET 200 https://registry.npmjs.org/argparse/-/argparse-2.0.1.tgz 916ms (cache miss)
1054 http fetch GET 200 https://registry.npmjs.org/dotenv/-/dotenv-16.6.1.tgz 819ms (cache miss)
1055 http fetch GET 200 https://registry.npmjs.org/markdown-it-anchor/-/markdown-it-anchor-8.6.7.tgz 909ms (cache miss)
1056 http fetch GET 200 https://registry.npmjs.org/@types/markdown-it/-/markdown-it-14.2.0.tgz 910ms (cache miss)
1057 http fetch GET 200 https://registry.npmjs.org/esprima/-/esprima-4.0.1.tgz 912ms (cache miss)
1058 http fetch GET 200 https://registry.npmjs.org/object-inspect/-/object-inspect-1.13.4.tgz 953ms (cache miss)
1059 http fetch GET 200 https://registry.npmjs.org/express/-/express-4.22.3.tgz 856ms (cache miss)
1060 http fetch GET 200 https://registry.npmjs.org/acorn/-/acorn-8.18.0.tgz 966ms (cache miss)
1061 http fetch GET 200 https://registry.npmjs.org/gtfs-realtime-bindings/-/gtfs-realtime-bindings-2.2.0.tgz 902ms (cache miss)
1062 http fetch GET 200 https://registry.npmjs.org/xmlcreate/-/xmlcreate-2.0.4.tgz 1002ms (cache miss)
1063 http fetch GET 200 https://registry.npmjs.org/qs/-/qs-6.16.0.tgz 956ms (cache miss)
1064 http fetch GET 200 https://registry.npmjs.org/iconv-lite/-/iconv-lite-0.4.24.tgz 972ms (cache miss)
1065 http fetch GET 200 https://registry.npmjs.org/marked/-/marked-4.3.0.tgz 1018ms (cache miss)
1066 http fetch GET 200 https://registry.npmjs.org/protobufjs-cli/-/protobufjs-cli-2.7.0.tgz 997ms (cache miss)
1067 http fetch GET 200 https://registry.npmjs.org/entities/-/entities-4.5.0.tgz 1032ms (cache miss)
1068 http fetch GET 200 https://registry.npmjs.org/source-map/-/source-map-0.6.1.tgz 1043ms (cache miss)
1069 http fetch GET 200 https://registry.npmjs.org/bluebird/-/bluebird-3.7.2.tgz 1055ms (cache miss)
1070 http fetch GET 200 https://registry.npmjs.org/@babel/parser/-/parser-7.29.8.tgz 1076ms (cache miss)
1071 http fetch GET 200 https://registry.npmjs.org/markdown-it/-/markdown-it-14.3.2.tgz 1129ms (cache miss)
1072 http fetch GET 200 https://registry.npmjs.org/axios/-/axios-1.20.0.tgz 1072ms (cache miss)
1073 http fetch GET 200 https://registry.npmjs.org/jsdoc/-/jsdoc-4.0.5.tgz 1160ms (cache miss)
1074 http fetch GET 200 https://registry.npmjs.org/protobufjs/-/protobufjs-8.8.0.tgz 1179ms (cache miss)
1075 http fetch GET 200 https://registry.npmjs.org/@babel/types/-/types-7.29.8.tgz 1220ms (cache miss)
1076 http fetch GET 200 https://registry.npmjs.org/underscore/-/underscore-1.13.8.tgz 1245ms (cache miss)
1077 http fetch GET 200 https://registry.npmjs.org/lodash/-/lodash-4.18.1.tgz 1305ms (cache miss)
1078 silly ADD node_modules/media-typer
1079 silly ADD node_modules/call-bound
1080 silly ADD node_modules/side-channel-weakmap
1081 silly ADD node_modules/side-channel-map
1082 silly ADD node_modules/side-channel-list
1083 silly ADD node_modules/object-inspect
1084 silly ADD node_modules/mime
1085 silly ADD node_modules/side-channel
1086 silly ADD node_modules/ipaddr.js
1087 silly ADD node_modules/forwarded
1088 silly ADD node_modules/balanced-match
1089 silly ADD node_modules/brace-expansion
1090 silly ADD node_modules/uc.micro
1091 silly ADD node_modules/punycode.js
1092 silly ADD node_modules/mdurl
1093 silly ADD node_modules/linkify-it
1094 silly ADD node_modules/entities
1095 silly ADD node_modules/argparse
1096 silly ADD node_modules/graceful-fs
1097 silly ADD node_modules/xmlcreate
1098 silly ADD node_modules/@types/mdurl
1099 silly ADD node_modules/@types/linkify-it
1100 silly ADD node_modules/lodash
1101 silly ADD node_modules/@babel/helper-validator-identifier
1102 silly ADD node_modules/@babel/helper-string-parser
1103 silly ADD node_modules/@babel/types
1104 silly ADD node_modules/underscore
1105 silly ADD node_modules/strip-json-comments
1106 silly ADD node_modules/requizzle
1107 silly ADD node_modules/mkdirp
1108 silly ADD node_modules/marked
1109 silly ADD node_modules/markdown-it-anchor
1110 silly ADD node_modules/markdown-it
1111 silly ADD node_modules/klaw
1112 silly ADD node_modules/js2xmlparser
1113 silly ADD node_modules/escape-string-regexp
1114 silly ADD node_modules/catharsis
1115 silly ADD node_modules/bluebird
1116 silly ADD node_modules/@types/markdown-it
1117 silly ADD node_modules/@jsdoc/salty
1118 silly ADD node_modules/@babel/parser
1119 silly ADD node_modules/wrappy
1120 silly ADD node_modules/once
1121 silly ADD node_modules/minimatch
1122 silly ADD node_modules/inflight
1123 silly ADD node_modules/fs.realpath
1124 silly ADD node_modules/eslint-visitor-keys
1125 silly ADD node_modules/acorn-jsx
1126 silly ADD node_modules/acorn
1127 silly ADD node_modules/source-map
1128 silly ADD node_modules/esutils
1129 silly ADD node_modules/esprima
1130 silly ADD node_modules/tmp
1131 silly ADD node_modules/minimist
1132 silly ADD node_modules/jsdoc
1133 silly ADD node_modules/glob
1134 silly ADD node_modules/estraverse
1135 silly ADD node_modules/espree
1136 silly ADD node_modules/escodegen
1137 silly ADD node_modules/long
1138 silly ADD node_modules/ee-first
1139 silly ADD node_modules/clone
1140 silly ADD node_modules/basic-auth
1141 silly ADD node_modules/basic-auth/node_modules/safe-buffer
1142 silly ADD node_modules/safer-buffer
1143 silly ADD node_modules/agent-base
1144 silly ADD node_modules/agent-base/node_modules/ms
1145 silly ADD node_modules/agent-base/node_modules/debug
1146 silly ADD node_modules/toidentifier
1147 silly ADD node_modules/inherits
1148 silly ADD node_modules/protobufjs-cli
1149 silly ADD node_modules/protobufjs
1150 silly ADD node_modules/dunder-proto
1151 silly ADD node_modules/math-intrinsics
1152 silly ADD node_modules/has-symbols
1153 silly ADD node_modules/gopd
1154 silly ADD node_modules/get-proto
1155 silly ADD node_modules/function-bind
1156 silly ADD node_modules/es-object-atoms
1157 silly ADD node_modules/es-define-property
1158 silly ADD node_modules/call-bind-apply-helpers
1159 silly ADD node_modules/has-tostringtag
1160 silly ADD node_modules/get-intrinsic
1161 silly ADD node_modules/es-errors
1162 silly ADD node_modules/delayed-stream
1163 silly ADD node_modules/hasown
1164 silly ADD node_modules/es-set-tostringtag
1165 silly ADD node_modules/combined-stream
1166 silly ADD node_modules/asynckit
1167 silly ADD node_modules/unpipe
1168 silly ADD node_modules/raw-body
1169 silly ADD node_modules/iconv-lite
1170 silly ADD node_modules/mime-types
1171 silly ADD node_modules/mime-types/node_modules/mime-db
1172 silly ADD node_modules/utils-merge
1173 silly ADD node_modules/type-is
1174 silly ADD node_modules/statuses
1175 silly ADD node_modules/setprototypeof
1176 silly ADD node_modules/serve-static
1177 silly ADD node_modules/send
1178 silly ADD node_modules/send/node_modules/ms
1179 silly ADD node_modules/range-parser
1180 silly ADD node_modules/qs
1181 silly ADD node_modules/proxy-addr
1182 silly ADD node_modules/path-to-regexp
1183 silly ADD node_modules/parseurl
1184 silly ADD node_modules/on-finished
1185 silly ADD node_modules/methods
1186 silly ADD node_modules/merge-descriptors
1187 silly ADD node_modules/http-errors
1188 silly ADD node_modules/fresh
1189 silly ADD node_modules/finalhandler
1190 silly ADD node_modules/etag
1191 silly ADD node_modules/escape-html
1192 silly ADD node_modules/encodeurl
1193 silly ADD node_modules/depd
1194 silly ADD node_modules/cookie-signature
1195 silly ADD node_modules/cookie
1196 silly ADD node_modules/content-type
1197 silly ADD node_modules/content-disposition
1198 silly ADD node_modules/body-parser
1199 silly ADD node_modules/array-flatten
1200 silly ADD node_modules/accepts
1201 silly ADD node_modules/accepts/node_modules/negotiator
1202 silly ADD node_modules/ms
1203 silly ADD node_modules/object-assign
1204 silly ADD node_modules/mime-db
1205 silly ADD node_modules/vary
1206 silly ADD node_modules/safe-buffer
1207 silly ADD node_modules/on-headers
1208 silly ADD node_modules/negotiator
1209 silly ADD node_modules/destroy
1210 silly ADD node_modules/debug
1211 silly ADD node_modules/compressible
1212 silly ADD node_modules/bytes
1213 silly ADD node_modules/proxy-from-env
1214 silly ADD node_modules/https-proxy-agent
1215 silly ADD node_modules/https-proxy-agent/node_modules/ms
1216 silly ADD node_modules/https-proxy-agent/node_modules/debug
1217 silly ADD node_modules/form-data
1218 silly ADD node_modules/follow-redirects
1219 silly ADD node_modules/node-cache
1220 silly ADD node_modules/morgan
1221 silly ADD node_modules/gtfs-realtime-bindings
1222 silly ADD node_modules/express
1223 silly ADD node_modules/dotenv
1224 silly ADD node_modules/cors
1225 silly ADD node_modules/compression
1226 silly ADD node_modules/axios
1227 verbose cwd /home/user/server
1228 verbose os Linux 6.1.158+
1229 verbose node v20.20.2
1230 verbose npm  v10.8.2
1231 verbose exit 0
1232 info ok
