shape_id,shape_pt_lat,shape_pt_lon,shape_pt_sequence,shape_dist_traveled
BRT_01_shape,14.675710,-17.441330,1,0.000
BRT_01_shape,14.675800,-17.441720,2,0.043
BRT_01_shape,14.675810,-17.441760,3,0.048
BRT_01_shape,14.675800,-17.441780,4,0.050
BRT_01_shape,14.675770,-17.441790,5,0.053
BRT_01_shape,14.675730,-17.441780,6,0.058
BRT_01_shape,14.675490,-17.440800,7,0.167
BRT_01_shape,14.675510,-17.440760,8,0.172
BRT_01_shape,14.675530,-17.440730,9,0.176
BRT_01_shape,14.675590,-17.440680,10,0.184
BRT_01_shape,14.675730,-17.440630,11,0.201
BRT_01_shape,14.675800,-17.440580,12,0.210
BRT_01_shape,14.675840,-17.440530,13,0.217
BRT_01_shape,14.675860,-17.440490,14,0.222
BRT_01_shape,14.675880,-17.440450,15,0.227
BRT_01_shape,14.675910,-17.440370,16,0.236
BRT_01_shape,14.675940,-17.440280,17,0.246
BRT_01_shape,14.675940,-17.440170,18,0.258
BRT_01_shape,14.675930,-17.440100,19,0.266
BRT_01_shape,14.675850,-17.439970,20,0.282
BRT_01_shape,14.675860,-17.439840,21,0.296
BRT_01_shape,14.675970,-17.439800,22,0.309
BRT_01_shape,14.676090,-17.439910,23,0.327
BRT_01_shape,14.676250,-17.440060,24,0.351
BRT_01_shape,14.677190,-17.440890,25,0.489
BRT_01_shape,14.677790,-17.441410,26,0.576
BRT_01_shape,14.677890,-17.441500,27,0.590
BRT_01_shape,14.677980,-17.441580,28,0.604
BRT_01_shape,14.678170,-17.441770,29,0.633
BRT_01_shape,14.678630,-17.442170,30,0.700
BRT_01_shape,14.678710,-17.442230,31,0.711
BRT_01_shape,14.678920,-17.442410,32,0.741
BRT_01_shape,14.679460,-17.442850,33,0.818
BRT_01_shape,14.679500,-17.442890,34,0.824
BRT_01_shape,14.679520,-17.442910,35,0.827
BRT_01_shape,14.679680,-17.443040,36,0.849
BRT_01_shape,14.679710,-17.443070,37,0.854
BRT_01_shape,14.679740,-17.443100,38,0.859
BRT_01_shape,14.679830,-17.443180,39,0.872
BRT_01_shape,14.680040,-17.443320,40,0.900
BRT_01_shape,14.680170,-17.443390,41,0.916
BRT_01_shape,14.680440,-17.443510,42,0.949
BRT_01_shape,14.680760,-17.443620,43,0.986
BRT_01_shape,14.681050,-17.443710,44,1.020
BRT_01_shape,14.681470,-17.443850,45,1.069
BRT_01_shape,14.681820,-17.443910,46,1.108
BRT_01_shape,14.681880,-17.443920,47,1.115
BRT_01_shape,14.681930,-17.443940,48,1.121
BRT_01_shape,14.682120,-17.444020,49,1.144
BRT_01_shape,14.682350,-17.444090,50,1.171
BRT_01_shape,14.682530,-17.444150,51,1.192
BRT_01_shape,14.682530,-17.444150,52,1.192
BRT_01_shape,14.683130,-17.444370,53,1.262
BRT_01_shape,14.683360,-17.444450,54,1.289
BRT_01_shape,14.683390,-17.444430,55,1.293
BRT_01_shape,14.683420,-17.444410,56,1.297
BRT_01_shape,14.683470,-17.444400,57,1.303
BRT_01_shape,14.683520,-17.444410,58,1.309
BRT_01_shape,14.683570,-17.444420,59,1.314
BRT_01_shape,14.683610,-17.444450,60,1.320
BRT_01_shape,14.683640,-17.444480,61,1.324
BRT_01_shape,14.683660,-17.444510,62,1.328
BRT_01_shape,14.683670,-17.444540,63,1.332
BRT_01_shape,14.683680,-17.444580,64,1.336
BRT_01_shape,14.683770,-17.444650,65,1.349
BRT_01_shape,14.683820,-17.444670,66,1.355
BRT_01_shape,14.683850,-17.444680,67,1.358
BRT_01_shape,14.684100,-17.444770,68,1.388
BRT_01_shape,14.684990,-17.445060,69,1.491
BRT_01_shape,14.685980,-17.445390,70,1.607
BRT_01_shape,14.686650,-17.445620,71,1.686
BRT_01_shape,14.686910,-17.445710,72,1.716
BRT_01_shape,14.687070,-17.445770,73,1.735
BRT_01_shape,14.687430,-17.445890,74,1.777
BRT_01_shape,14.687600,-17.445940,75,1.797
BRT_01_shape,14.687870,-17.446030,76,1.828
BRT_01_shape,14.688830,-17.446360,77,1.941
BRT_01_shape,14.689920,-17.446730,78,2.068
BRT_01_shape,14.690200,-17.446820,79,2.101
BRT_01_shape,14.690300,-17.446860,80,2.113
BRT_01_shape,14.691270,-17.447190,81,2.226
BRT_01_shape,14.691380,-17.447220,82,2.239
BRT_01_shape,14.691380,-17.447220,83,2.239
BRT_01_shape,14.691840,-17.447400,84,2.294
BRT_01_shape,14.692190,-17.447520,85,2.335
BRT_01_shape,14.692460,-17.447620,86,2.367
BRT_01_shape,14.692480,-17.447630,87,2.369
BRT_01_shape,14.692560,-17.447650,88,2.378
BRT_01_shape,14.692600,-17.447680,89,2.384
BRT_01_shape,14.692650,-17.447720,90,2.391
BRT_01_shape,14.692710,-17.447840,91,2.405
BRT_01_shape,14.692790,-17.447900,92,2.416
BRT_01_shape,14.693000,-17.448070,93,2.446
BRT_01_shape,14.693410,-17.448430,94,2.506
BRT_01_shape,14.693470,-17.448480,95,2.514
BRT_01_shape,14.693560,-17.448550,96,2.527
BRT_01_shape,14.693700,-17.448680,97,2.548
BRT_01_shape,14.693770,-17.448730,98,2.557
BRT_01_shape,14.693810,-17.448770,99,2.563
BRT_01_shape,14.693850,-17.448800,100,2.569
BRT_01_shape,14.694810,-17.449610,101,2.707
BRT_01_shape,14.694910,-17.449700,102,2.721
BRT_01_shape,14.695030,-17.449790,103,2.738
BRT_01_shape,14.695280,-17.450010,104,2.774
BRT_01_shape,14.695460,-17.450160,105,2.800
BRT_01_shape,14.695650,-17.450310,106,2.827
BRT_01_shape,14.695930,-17.450560,107,2.868
BRT_01_shape,14.696190,-17.450810,108,2.907
BRT_01_shape,14.696380,-17.451010,109,2.938
BRT_01_shape,14.696440,-17.451070,110,2.947
BRT_01_shape,14.696770,-17.451410,111,2.999
BRT_01_shape,14.696850,-17.451350,112,3.010
BRT_01_shape,14.696900,-17.451310,113,3.017
BRT_01_shape,14.696960,-17.451360,114,3.025
BRT_01_shape,14.697030,-17.451450,115,3.038
BRT_01_shape,14.697110,-17.451530,116,3.050
BRT_01_shape,14.697380,-17.451750,117,3.088
BRT_01_shape,14.697720,-17.452030,118,3.137
BRT_01_shape,14.697900,-17.452170,119,3.162
BRT_01_shape,14.698080,-17.452330,120,3.188
BRT_01_shape,14.698250,-17.452450,121,3.211
BRT_01_shape,14.698420,-17.452570,122,3.234
BRT_01_shape,14.698800,-17.452880,123,3.288
BRT_01_shape,14.698830,-17.452910,124,3.292
BRT_01_shape,14.699370,-17.453360,125,3.369
BRT_01_shape,14.699570,-17.453540,126,3.399
BRT_01_shape,14.699750,-17.453690,127,3.425
BRT_01_shape,14.699850,-17.453760,128,3.438
BRT_01_shape,14.699870,-17.453780,129,3.441
BRT_01_shape,14.699930,-17.453840,130,3.450
BRT_01_shape,14.700000,-17.453870,131,3.459
BRT_01_shape,14.700100,-17.453980,132,3.475
BRT_01_shape,14.700150,-17.454040,133,3.484
BRT_01_shape,14.700270,-17.454130,134,3.500
BRT_01_shape,14.700910,-17.454680,135,3.593
BRT_01_shape,14.701040,-17.454770,136,3.610
BRT_01_shape,14.701450,-17.455120,137,3.669
BRT_01_shape,14.701700,-17.455330,138,3.705
BRT_01_shape,14.701800,-17.455410,139,3.719
BRT_01_shape,14.701900,-17.455490,140,3.733
BRT_01_shape,14.702190,-17.455690,141,3.772
BRT_01_shape,14.702830,-17.456240,142,3.864
BRT_01_shape,14.702900,-17.456300,143,3.874
BRT_01_shape,14.703350,-17.456680,144,3.939
BRT_01_shape,14.703650,-17.456940,145,3.983
BRT_01_shape,14.703940,-17.457190,146,4.025
BRT_01_shape,14.704060,-17.457280,147,4.041
BRT_01_shape,14.704260,-17.457460,148,4.071
BRT_01_shape,14.704460,-17.457640,149,4.100
BRT_01_shape,14.704540,-17.457710,150,4.112
BRT_01_shape,14.704830,-17.457950,151,4.153
BRT_01_shape,14.705100,-17.458170,152,4.191
BRT_01_shape,14.705390,-17.458410,153,4.233
BRT_01_shape,14.705600,-17.458600,154,4.264
BRT_01_shape,14.705720,-17.458690,155,4.280
BRT_01_shape,14.706080,-17.459000,156,4.332
BRT_01_shape,14.706410,-17.459280,157,4.380
BRT_01_shape,14.706730,-17.459580,158,4.428
BRT_01_shape,14.706930,-17.459750,159,4.456
BRT_01_shape,14.707080,-17.459890,160,4.479
BRT_01_shape,14.707130,-17.459940,161,4.487
BRT_01_shape,14.707250,-17.460050,162,4.504
BRT_01_shape,14.707350,-17.460160,163,4.521
BRT_01_shape,14.707460,-17.460270,164,4.538
BRT_01_shape,14.707600,-17.460400,165,4.559
BRT_01_shape,14.707690,-17.460470,166,4.571
BRT_01_shape,14.708370,-17.461050,167,4.669
BRT_01_shape,14.708640,-17.461260,168,4.707
BRT_01_shape,14.708960,-17.461480,169,4.749
BRT_01_shape,14.709340,-17.461810,170,4.805
BRT_01_shape,14.709390,-17.461850,171,4.812
BRT_01_shape,14.709480,-17.461920,172,4.824
BRT_01_shape,14.710400,-17.462690,173,4.956
BRT_01_shape,14.710460,-17.462760,174,4.966
BRT_01_shape,14.710590,-17.462920,175,4.988
BRT_01_shape,14.710710,-17.463030,176,5.006
BRT_01_shape,14.711000,-17.463270,177,5.048
BRT_01_shape,14.711240,-17.463480,178,5.082
BRT_01_shape,14.711430,-17.463650,179,5.110
BRT_01_shape,14.711920,-17.464090,180,5.183
BRT_01_shape,14.712740,-17.464730,181,5.297
BRT_01_shape,14.713450,-17.465320,182,5.398
BRT_01_shape,14.713700,-17.465530,183,5.434
BRT_01_shape,14.713890,-17.465660,184,5.459
BRT_01_shape,14.714070,-17.465780,185,5.483
BRT_01_shape,14.714730,-17.466110,186,5.565
BRT_01_shape,14.715210,-17.466280,187,5.621
BRT_01_shape,14.715360,-17.466320,188,5.638
BRT_01_shape,14.715690,-17.466430,189,5.677
BRT_01_shape,14.715860,-17.466460,190,5.696
BRT_01_shape,14.716030,-17.466460,191,5.715
BRT_01_shape,14.716180,-17.466450,192,5.732
BRT_01_shape,14.716320,-17.466430,193,5.747
BRT_01_shape,14.716420,-17.466420,194,5.758
BRT_01_shape,14.716910,-17.466380,195,5.813
BRT_01_shape,14.716960,-17.466370,196,5.819
BRT_01_shape,14.717100,-17.466360,197,5.834
BRT_01_shape,14.717300,-17.466340,198,5.857
BRT_01_shape,14.717460,-17.466310,199,5.875
BRT_01_shape,14.717660,-17.466280,200,5.897
BRT_01_shape,14.717790,-17.466260,201,5.912
BRT_01_shape,14.717930,-17.466220,202,5.928
BRT_01_shape,14.718010,-17.466210,203,5.937
BRT_01_shape,14.718100,-17.466200,204,5.947
BRT_01_shape,14.718190,-17.466190,205,5.957
BRT_01_shape,14.718270,-17.466160,206,5.967
BRT_01_shape,14.718390,-17.466110,207,5.981
BRT_01_shape,14.718560,-17.466000,208,6.003
BRT_01_shape,14.718660,-17.465940,209,6.016
BRT_01_shape,14.718770,-17.465860,210,6.031
BRT_01_shape,14.719030,-17.465650,211,6.068
BRT_01_shape,14.719770,-17.465000,212,6.176
BRT_01_shape,14.720030,-17.464740,213,6.216
BRT_01_shape,14.720300,-17.464520,214,6.254
BRT_01_shape,14.720410,-17.464420,215,6.270
BRT_01_shape,14.721570,-17.463400,216,6.440
BRT_01_shape,14.721730,-17.463260,217,6.463
BRT_01_shape,14.721870,-17.463170,218,6.481
BRT_01_shape,14.722190,-17.462910,219,6.527
BRT_01_shape,14.722690,-17.462440,220,6.602
BRT_01_shape,14.723260,-17.461900,221,6.688
BRT_01_shape,14.724350,-17.460860,222,6.853
BRT_01_shape,14.724850,-17.460400,223,6.927
BRT_01_shape,14.724970,-17.460290,224,6.945
BRT_01_shape,14.725090,-17.460130,225,6.967
BRT_01_shape,14.725220,-17.460000,226,6.987
BRT_01_shape,14.725570,-17.459690,227,7.038
BRT_01_shape,14.725650,-17.459610,228,7.050
BRT_01_shape,14.726320,-17.459000,229,7.150
BRT_01_shape,14.726600,-17.458740,230,7.192
BRT_01_shape,14.727040,-17.458410,231,7.252
BRT_01_shape,14.727350,-17.458120,232,7.299
BRT_01_shape,14.727920,-17.457630,233,7.381
BRT_01_shape,14.728170,-17.457400,234,7.418
BRT_01_shape,14.728290,-17.457290,235,7.436
BRT_01_shape,14.728480,-17.457160,236,7.461
BRT_01_shape,14.728670,-17.457050,237,7.486
BRT_01_shape,14.728850,-17.456980,238,7.507
BRT_01_shape,14.729040,-17.456930,239,7.529
BRT_01_shape,14.729290,-17.456860,240,7.558
BRT_01_shape,14.729550,-17.456810,241,7.587
BRT_01_shape,14.729820,-17.456760,242,7.617
BRT_01_shape,14.730340,-17.456650,243,7.676
BRT_01_shape,14.730520,-17.456620,244,7.697
BRT_01_shape,14.730600,-17.456600,245,7.706
BRT_01_shape,14.731000,-17.456520,246,7.751
BRT_01_shape,14.731240,-17.456460,247,7.779
BRT_01_shape,14.732090,-17.456270,248,7.875
BRT_01_shape,14.732650,-17.456140,249,7.939
BRT_01_shape,14.732820,-17.456100,250,7.959
BRT_01_shape,14.733010,-17.456100,251,7.980
BRT_01_shape,14.733030,-17.456100,252,7.982
BRT_01_shape,14.733470,-17.456110,253,8.031
BRT_01_shape,14.733530,-17.456110,254,8.037
BRT_01_shape,14.733740,-17.456100,255,8.061
BRT_01_shape,14.734000,-17.456070,256,8.090
BRT_01_shape,14.734200,-17.456040,257,8.112
BRT_01_shape,14.734430,-17.456000,258,8.138
BRT_01_shape,14.734840,-17.455930,259,8.185
BRT_01_shape,14.734920,-17.455920,260,8.194
BRT_01_shape,14.735210,-17.455860,261,8.226
BRT_01_shape,14.735370,-17.455820,262,8.245
BRT_01_shape,14.735540,-17.455770,263,8.264
BRT_01_shape,14.735820,-17.455650,264,8.298
BRT_01_shape,14.736030,-17.455540,265,8.324
BRT_01_shape,14.736140,-17.455470,266,8.339
BRT_01_shape,14.736220,-17.455430,267,8.349
BRT_01_shape,14.736340,-17.455360,268,8.364
BRT_01_shape,14.736700,-17.455190,269,8.408
BRT_01_shape,14.736920,-17.455090,270,8.435
BRT_01_shape,14.736920,-17.455090,271,8.435
BRT_01_shape,14.737310,-17.454910,272,8.482
BRT_01_shape,14.737430,-17.454850,273,8.497
BRT_01_shape,14.737630,-17.454770,274,8.521
BRT_01_shape,14.737760,-17.454720,275,8.536
BRT_01_shape,14.737830,-17.454680,276,8.545
BRT_01_shape,14.737980,-17.454570,277,8.565
BRT_01_shape,14.738120,-17.454470,278,8.584
BRT_01_shape,14.738250,-17.454370,279,8.602
BRT_01_shape,14.738340,-17.454310,280,8.614
BRT_01_shape,14.739060,-17.453770,281,8.713
BRT_01_shape,14.739350,-17.453540,282,8.754
BRT_01_shape,14.739430,-17.453480,283,8.765
BRT_01_shape,14.739820,-17.453180,284,8.819
BRT_01_shape,14.740100,-17.452960,285,8.858
BRT_01_shape,14.740250,-17.452830,286,8.880
BRT_01_shape,14.740420,-17.452690,287,8.904
BRT_01_shape,14.740510,-17.452580,288,8.919
BRT_01_shape,14.740660,-17.452360,289,8.948
BRT_01_shape,14.740720,-17.452290,290,8.958
BRT_01_shape,14.740950,-17.451990,291,9.000
BRT_01_shape,14.740970,-17.451960,292,9.004
BRT_01_shape,14.741190,-17.451650,293,9.045
BRT_01_shape,14.741420,-17.451320,294,9.089
BRT_01_shape,14.741770,-17.450830,295,9.154
BRT_01_shape,14.741870,-17.450700,296,9.172
BRT_01_shape,14.742310,-17.450140,297,9.250
BRT_01_shape,14.742400,-17.450010,298,9.267
BRT_01_shape,14.742480,-17.449910,299,9.281
BRT_01_shape,14.742790,-17.449500,300,9.337
BRT_01_shape,14.743190,-17.448920,301,9.413
BRT_01_shape,14.743590,-17.448360,302,9.488
BRT_01_shape,14.743680,-17.448230,303,9.505
BRT_01_shape,14.744100,-17.447650,304,9.583
BRT_01_shape,14.744570,-17.447020,305,9.669
BRT_01_shape,14.744690,-17.446860,306,9.691
BRT_01_shape,14.744760,-17.446790,307,9.701
BRT_01_shape,14.744840,-17.446700,308,9.715
BRT_01_shape,14.745000,-17.446560,309,9.738
BRT_01_shape,14.745240,-17.446380,310,9.771
BRT_01_shape,14.745580,-17.446150,311,9.816
BRT_01_shape,14.745930,-17.445920,312,9.862
BRT_01_shape,14.746700,-17.445450,313,9.962
BRT_01_shape,14.746780,-17.445380,314,9.973
BRT_01_shape,14.746890,-17.445240,315,9.993
BRT_01_shape,14.746980,-17.445160,316,10.006
BRT_01_shape,14.747260,-17.444940,317,10.045
BRT_01_shape,14.747400,-17.444830,318,10.064
BRT_01_shape,14.747420,-17.444810,319,10.068
BRT_01_shape,14.747820,-17.444490,320,10.124
BRT_01_shape,14.748200,-17.444180,321,10.178
BRT_01_shape,14.748430,-17.443940,322,10.214
BRT_01_shape,14.748560,-17.443830,323,10.233
BRT_01_shape,14.748750,-17.443650,324,10.261
BRT_01_shape,14.748810,-17.443580,325,10.271
BRT_01_shape,14.748910,-17.443450,326,10.289
BRT_01_shape,14.749010,-17.443270,327,10.312
BRT_01_shape,14.749140,-17.443020,328,10.342
BRT_01_shape,14.749550,-17.442320,329,10.430
BRT_01_shape,14.749710,-17.442060,330,10.463
BRT_01_shape,14.749900,-17.441740,331,10.504
BRT_01_shape,14.750030,-17.441460,332,10.537
BRT_01_shape,14.750030,-17.441450,333,10.538
BRT_01_shape,14.750270,-17.440850,334,10.608
BRT_01_shape,14.750350,-17.440600,335,10.636
BRT_01_shape,14.750370,-17.440520,336,10.645
BRT_01_shape,14.750420,-17.440320,337,10.667
BRT_01_shape,14.750460,-17.440170,338,10.684
BRT_01_shape,14.750470,-17.440130,339,10.688
BRT_01_shape,14.750650,-17.439600,340,10.749
BRT_01_shape,14.750820,-17.439090,341,10.807
BRT_01_shape,14.751080,-17.438310,342,10.896
BRT_01_shape,14.751090,-17.438280,343,10.899
BRT_01_shape,14.751250,-17.437930,344,10.941
BRT_01_shape,14.751330,-17.437740,345,10.963
BRT_01_shape,14.751640,-17.437020,346,11.048
BRT_01_shape,14.751800,-17.436700,347,11.086
BRT_01_shape,14.752040,-17.436210,348,11.145
BRT_01_shape,14.752130,-17.436050,349,11.165
BRT_01_shape,14.752620,-17.435240,350,11.268
BRT_01_shape,14.752850,-17.434870,351,11.315
BRT_01_shape,14.752900,-17.434750,352,11.329
BRT_01_shape,14.752910,-17.434680,353,11.337
BRT_01_shape,14.752930,-17.434630,354,11.343
BRT_01_shape,14.752950,-17.434610,355,11.346
BRT_01_shape,14.753000,-17.434580,356,11.352
BRT_01_shape,14.753020,-17.434530,357,11.358
BRT_01_shape,14.753060,-17.434460,358,11.367
BRT_01_shape,14.753140,-17.434340,359,11.383
BRT_01_shape,14.753180,-17.434290,360,11.390
BRT_01_shape,14.753310,-17.434080,361,11.416
BRT_01_shape,14.753330,-17.434050,362,11.420
BRT_01_shape,14.753340,-17.434030,363,11.423
BRT_01_shape,14.753420,-17.433910,364,11.438
BRT_01_shape,14.753810,-17.433280,365,11.519
BRT_01_shape,14.754060,-17.432870,366,11.571
BRT_01_shape,14.754210,-17.432600,367,11.604
BRT_01_shape,14.754330,-17.432450,368,11.625
BRT_01_shape,14.754330,-17.432410,369,11.630
BRT_01_shape,14.754350,-17.432370,370,11.635
BRT_01_shape,14.754380,-17.432350,371,11.638
BRT_01_shape,14.754480,-17.432210,372,11.657
BRT_01_shape,14.754580,-17.432060,373,11.677
BRT_01_shape,14.754780,-17.431750,374,11.717
BRT_01_shape,14.755210,-17.431050,375,11.806
BRT_01_shape,14.755350,-17.430810,376,11.836
BRT_01_shape,14.755390,-17.430740,377,11.845
BRT_01_shape,14.755410,-17.430720,378,11.848
BRT_01_shape,14.755620,-17.430420,379,11.888
BRT_01_shape,14.755910,-17.429930,380,11.950
BRT_01_shape,14.756390,-17.429170,381,12.047
BRT_01_shape,14.756570,-17.428860,382,12.086
BRT_01_shape,14.756710,-17.428650,383,12.114
BRT_01_shape,14.756870,-17.428470,384,12.140
BRT_01_shape,14.756980,-17.428380,385,12.155
BRT_01_shape,14.757160,-17.428250,386,12.180
BRT_01_shape,14.757340,-17.428150,387,12.203
BRT_01_shape,14.757880,-17.427870,388,12.270
BRT_01_shape,14.758520,-17.427530,389,12.350
BRT_01_shape,14.758970,-17.427270,390,12.407
BRT_01_shape,14.759080,-17.427200,391,12.421
BRT_01_shape,14.759790,-17.426780,392,12.512
BRT_01_shape,14.760260,-17.426510,393,12.572
BRT_01_shape,14.760490,-17.426390,394,12.601
BRT_01_shape,14.760580,-17.426340,395,12.612
BRT_01_shape,14.761200,-17.425980,396,12.691
BRT_01_shape,14.761310,-17.425920,397,12.705
BRT_01_shape,14.761530,-17.425790,398,12.733
BRT_01_shape,14.761620,-17.425710,399,12.746
BRT_01_shape,14.761640,-17.425700,400,12.749
BRT_01_shape,14.761700,-17.425630,401,12.759
BRT_01_shape,14.761750,-17.425570,402,12.767
BRT_01_shape,14.761830,-17.425430,403,12.785
BRT_01_shape,14.762000,-17.425130,404,12.822
BRT_01_shape,14.762100,-17.424960,405,12.844
BRT_01_shape,14.762730,-17.423890,406,12.978
BRT_01_shape,14.762810,-17.423780,407,12.993
BRT_01_shape,14.762870,-17.423690,408,13.005
BRT_01_shape,14.762930,-17.423640,409,13.014
BRT_01_shape,14.763010,-17.423590,410,13.024
BRT_01_shape,14.763220,-17.423290,411,13.064
BRT_01_shape,14.763450,-17.422920,412,13.111
BRT_01_shape,14.763630,-17.422620,413,13.149
BRT_01_shape,14.763660,-17.422560,414,13.156
BRT_01_shape,14.763760,-17.422280,415,13.188
BRT_01_shape,14.763890,-17.421850,416,13.237
BRT_01_shape,14.764010,-17.421450,417,13.282
BRT_01_shape,14.764060,-17.421230,418,13.306
BRT_01_shape,14.764080,-17.421130,419,13.317
BRT_01_shape,14.764120,-17.420990,420,13.333
BRT_01_shape,14.764270,-17.420480,421,13.390
BRT_01_shape,14.764290,-17.420390,422,13.400
BRT_01_shape,14.764500,-17.419650,423,13.483
BRT_01_shape,14.764520,-17.419560,424,13.493
BRT_01_shape,14.764640,-17.419110,425,13.543
BRT_01_shape,14.764670,-17.419000,426,13.555
BRT_01_shape,14.764720,-17.418920,427,13.566
BRT_01_shape,14.764770,-17.418840,428,13.576
BRT_01_shape,14.764890,-17.418430,429,13.622
BRT_01_shape,14.764970,-17.418140,430,13.654
BRT_01_shape,14.764990,-17.418090,431,13.660
BRT_01_shape,14.765030,-17.417930,432,13.678
BRT_01_shape,14.765170,-17.417530,433,13.724
BRT_01_shape,14.765230,-17.417370,434,13.742
BRT_01_shape,14.765380,-17.416930,435,13.792
BRT_01_shape,14.765520,-17.416500,436,13.841
BRT_01_shape,14.765600,-17.416280,437,13.866
BRT_01_shape,14.765630,-17.416160,438,13.880
BRT_01_shape,14.765680,-17.416060,439,13.892
BRT_01_shape,14.765850,-17.415780,440,13.927
BRT_01_shape,14.766040,-17.415490,441,13.965
BRT_01_shape,14.766220,-17.415220,442,14.000
BRT_01_shape,14.766370,-17.414980,443,14.031
BRT_01_shape,14.766440,-17.414870,444,14.045
BRT_01_shape,14.766650,-17.414570,445,14.085
BRT_01_shape,14.766690,-17.414510,446,14.093
BRT_01_shape,14.766810,-17.414360,447,14.114
BRT_01_shape,14.766980,-17.414100,448,14.147
BRT_01_shape,14.767010,-17.414070,449,14.152
BRT_01_shape,14.767200,-17.413780,450,14.190
BRT_01_shape,14.767390,-17.413490,451,14.227
BRT_01_shape,14.767590,-17.413190,452,14.267
BRT_01_shape,14.767740,-17.412960,453,14.296
BRT_01_shape,14.767790,-17.412890,454,14.306
BRT_01_shape,14.767890,-17.412790,455,14.321
BRT_01_shape,14.767950,-17.412710,456,14.332
BRT_01_shape,14.768010,-17.412600,457,14.346
BRT_01_shape,14.768380,-17.412030,458,14.420
BRT_01_shape,14.768660,-17.411590,459,14.476
BRT_01_shape,14.768800,-17.411370,460,14.505
BRT_01_shape,14.769040,-17.411020,461,14.551
BRT_01_shape,14.769240,-17.410740,462,14.588
BRT_01_shape,14.769430,-17.410450,463,14.626
BRT_01_shape,14.769610,-17.410170,464,14.662
BRT_01_shape,14.769680,-17.410050,465,14.677
BRT_01_shape,14.769800,-17.409860,466,14.701
BRT_01_shape,14.769990,-17.409570,467,14.739
BRT_01_shape,14.770180,-17.409260,468,14.779
BRT_01_shape,14.770260,-17.409110,469,14.797
BRT_01_shape,14.770390,-17.408900,470,14.824
BRT_01_shape,14.770430,-17.408810,471,14.834
BRT_01_shape,14.770470,-17.408840,472,14.840
BRT_01_shape,14.770510,-17.408880,473,14.846
BRT_01_shape,14.770550,-17.408920,474,14.852
BRT_01_shape,14.770580,-17.408930,475,14.856
BRT_01_shape,14.770690,-17.408960,476,14.868
BRT_01_shape,14.770850,-17.409010,477,14.887
BRT_01_shape,14.770930,-17.408910,478,14.901
BRT_01_shape,14.770960,-17.408880,479,14.906
BRT_01_shape,14.771120,-17.408720,480,14.930
BRT_01_shape,14.771270,-17.408620,481,14.950
BRT_01_shape,14.771320,-17.408590,482,14.957
BRT_01_shape,14.771530,-17.408460,483,14.984
BRT_01_shape,14.771740,-17.408360,484,15.010
BRT_01_shape,14.771910,-17.408290,485,15.030
BRT_01_shape,14.772150,-17.408220,486,15.058
BRT_01_shape,14.772410,-17.408140,487,15.088
BRT_01_shape,14.772470,-17.408120,488,15.095
BRT_01_shape,14.772560,-17.408110,489,15.105
BRT_01_shape,14.772630,-17.408120,490,15.113
BRT_01_shape,14.772660,-17.408160,491,15.118
BRT_01_shape,14.772650,-17.408200,492,15.123
BRT_01_shape,14.772620,-17.408230,493,15.127
BRT_01_shape,14.772560,-17.408250,494,15.134
BRT_01_shape,14.772480,-17.408240,495,15.143
BRT_01_shape,14.772310,-17.408260,496,15.162
BRT_01_shape,14.772130,-17.408310,497,15.183
BRT_01_shape,14.771920,-17.408380,498,15.207
BRT_01_shape,14.771640,-17.408510,499,15.242
BRT_01_shape,14.771360,-17.408650,500,15.276
BRT_01_shape,14.771130,-17.408830,501,15.308
BRT_01_shape,14.770990,-17.408940,502,15.328
BRT_01_shape,14.770900,-17.409020,503,15.341
BRT_01_shape,14.770850,-17.409010,504,15.347
BRT_01_shape,14.770690,-17.408960,505,15.365
BRT_01_shape,14.770580,-17.408930,506,15.378
BRT_01_shape,14.770550,-17.408920,507,15.381
BRT_01_shape,14.770510,-17.408880,508,15.388
BRT_01_shape,14.770470,-17.408840,509,15.394
BRT_01_shape,14.770430,-17.408810,510,15.399
BRT_01_shape,14.770490,-17.408680,511,15.415
BRT_01_shape,14.770610,-17.408410,512,15.447
BRT_01_shape,14.770640,-17.408290,513,15.460
BRT_01_shape,14.770630,-17.408270,514,15.462
BRT_01_shape,14.770620,-17.408240,515,15.466
BRT_01_shape,14.770620,-17.408210,516,15.469
BRT_01_shape,14.770620,-17.408180,517,15.472
BRT_01_shape,14.770640,-17.408150,518,15.476
BRT_01_shape,14.770660,-17.408140,519,15.479
BRT_01_shape,14.770680,-17.408120,520,15.482
BRT_01_shape,14.770710,-17.408110,521,15.485
BRT_01_shape,14.770740,-17.408110,522,15.489
BRT_01_shape,14.770780,-17.408130,523,15.494
BRT_01_shape,14.770800,-17.408150,524,15.497
BRT_01_shape,14.770820,-17.408180,525,15.501
BRT_01_shape,14.770830,-17.408200,526,15.503
BRT_01_shape,14.770900,-17.408220,527,15.511
BRT_01_shape,14.771010,-17.408230,528,15.523
BRT_01_shape,14.771070,-17.408230,529,15.530
BRT_01_shape,14.771400,-17.408210,530,15.567
BRT_01_shape,14.771500,-17.408180,531,15.578
BRT_01_shape,14.771570,-17.408170,532,15.586
BRT_01_shape,14.771680,-17.408150,533,15.599
BRT_01_shape,14.771810,-17.408110,534,15.614
BRT_01_shape,14.772180,-17.407970,535,15.658
BRT_01_shape,14.772360,-17.407920,536,15.678
BRT_01_shape,14.772410,-17.407910,537,15.684
BRT_01_shape,14.772480,-17.407890,538,15.692
BRT_01_shape,14.772540,-17.407880,539,15.699
BRT_01_shape,14.772580,-17.407870,540,15.703
BRT_01_shape,14.772680,-17.407870,541,15.714
BRT_01_shape,14.772800,-17.407900,542,15.728
BRT_01_shape,14.773070,-17.408010,543,15.760
BRT_01_shape,14.773180,-17.408060,544,15.774
BRT_01_shape,14.773350,-17.408150,545,15.795
BRT_01_shape,14.773580,-17.408270,546,15.824
BRT_01_shape,14.773870,-17.408430,547,15.860
BRT_01_shape,14.774190,-17.408600,548,15.900
BRT_01_shape,14.774340,-17.408680,549,15.919
BRT_01_shape,14.774510,-17.408750,550,15.939
BRT_01_shape,14.774700,-17.408830,551,15.962
BRT_01_shape,14.774780,-17.408870,552,15.972
BRT_01_shape,14.774860,-17.408930,553,15.983
BRT_01_shape,14.774870,-17.408930,554,15.984
BRT_01_shape,14.774940,-17.408980,555,15.994
BRT_01_shape,14.775030,-17.409000,556,16.004
BRT_01_shape,14.775090,-17.409000,557,16.011
BRT_01_shape,14.775190,-17.408970,558,16.022
BRT_01_shape,14.775210,-17.408930,559,16.027
BRT_01_shape,14.775230,-17.408910,560,16.030
BRT_01_shape,14.775210,-17.408750,561,16.047
BRT_01_shape,14.775170,-17.408650,562,16.059
BRT_01_shape,14.775130,-17.408570,563,16.069
BRT_01_shape,14.775100,-17.408440,564,16.083
BRT_01_shape,14.775140,-17.407940,565,16.137
BRT_01_shape,14.775140,-17.407890,566,16.142
BRT_01_shape,14.775140,-17.407610,567,16.173
BRT_01_shape,14.775140,-17.407220,568,16.214
BRT_01_shape,14.775150,-17.406930,569,16.246
BRT_01_shape,14.775150,-17.406690,570,16.271
BRT_01_shape,14.775160,-17.406400,571,16.303
BRT_01_shape,14.775190,-17.405670,572,16.381
BRT_01_shape,14.775200,-17.405010,573,16.452
BRT_01_shape,14.775230,-17.404710,574,16.485
BRT_01_shape,14.775240,-17.404390,575,16.519
BRT_01_shape,14.775250,-17.404170,576,16.543
BRT_01_shape,14.775260,-17.403900,577,16.572
BRT_01_shape,14.775280,-17.403690,578,16.594
BRT_01_shape,14.775280,-17.403600,579,16.604
BRT_01_shape,14.775280,-17.403460,580,16.619
BRT_01_shape,14.775250,-17.403430,581,16.624
BRT_01_shape,14.775230,-17.403390,582,16.629
BRT_01_shape,14.775220,-17.403340,583,16.634
BRT_01_shape,14.775230,-17.403300,584,16.639
BRT_01_shape,14.775250,-17.403250,585,16.644
BRT_01_shape,14.775260,-17.403230,586,16.647
BRT_01_shape,14.775280,-17.403220,587,16.649
BRT_01_shape,14.775300,-17.403210,588,16.652
BRT_01_shape,14.775320,-17.403120,589,16.662
BRT_01_shape,14.775320,-17.403020,590,16.672
BRT_01_shape,14.775370,-17.402750,591,16.702
BRT_01_shape,14.775430,-17.402430,592,16.737
BRT_01_shape,14.775560,-17.401740,593,16.813
BRT_01_shape,14.775700,-17.401020,594,16.892
BRT_01_shape,14.775770,-17.400680,595,16.929
BRT_01_shape,14.775840,-17.400300,596,16.971
BRT_01_shape,14.775860,-17.400200,597,16.982
BRT_01_shape,14.775860,-17.400120,598,16.990
BRT_01_shape,14.775840,-17.400100,599,16.993
BRT_01_shape,14.775830,-17.400070,600,16.997
BRT_01_shape,14.775830,-17.400030,601,17.001
BRT_01_shape,14.775830,-17.400000,602,17.004
BRT_01_shape,14.775850,-17.399960,603,17.009
BRT_01_shape,14.775870,-17.399930,604,17.013
BRT_01_shape,14.775900,-17.399910,605,17.017
BRT_01_shape,14.775910,-17.399810,606,17.028
BRT_01_shape,14.775920,-17.399760,607,17.033
BRT_01_shape,14.775990,-17.399430,608,17.070
BRT_01_shape,14.776030,-17.399210,609,17.094
BRT_01_shape,14.776080,-17.398970,610,17.120
BRT_01_shape,14.776140,-17.398640,611,17.156
BRT_01_shape,14.776240,-17.398120,612,17.213
BRT_01_shape,14.776260,-17.397910,613,17.236
BRT_01_shape,14.776260,-17.397890,614,17.238
BRT_01_shape,14.776280,-17.397790,615,17.249
BRT_01_shape,14.776300,-17.397720,616,17.257
BRT_01_shape,14.776360,-17.397510,617,17.280
BRT_01_shape,14.776460,-17.396830,618,17.354
BRT_01_shape,14.776570,-17.396150,619,17.428
BRT_01_shape,14.776590,-17.396030,620,17.441
BRT_01_shape,14.776630,-17.395680,621,17.479
BRT_01_shape,14.776650,-17.395410,622,17.508
BRT_01_shape,14.776660,-17.395320,623,17.518
BRT_01_shape,14.776660,-17.395120,624,17.540
BRT_01_shape,14.776650,-17.394960,625,17.557
BRT_01_shape,14.776640,-17.394740,626,17.581
BRT_01_shape,14.776630,-17.394700,627,17.585
BRT_01_shape,14.776610,-17.394580,628,17.598
BRT_01_shape,14.776580,-17.394380,629,17.620
BRT_01_shape,14.776520,-17.394070,630,17.654
BRT_01_shape,14.776470,-17.393870,631,17.676
BRT_01_shape,14.776450,-17.393800,632,17.684
BRT_01_shape,14.776420,-17.393720,633,17.693
BRT_01_shape,14.776400,-17.393650,634,17.701
BRT_01_shape,14.776380,-17.393650,635,17.703
BRT_01_shape,14.776360,-17.393630,636,17.706
BRT_01_shape,14.776340,-17.393620,637,17.709
BRT_01_shape,14.776330,-17.393600,638,17.711
BRT_01_shape,14.776320,-17.393580,639,17.714
BRT_01_shape,14.776310,-17.393560,640,17.716
BRT_01_shape,14.776310,-17.393540,641,17.718
BRT_01_shape,14.776300,-17.393520,642,17.721
BRT_01_shape,14.776310,-17.393490,643,17.724
BRT_01_shape,14.776270,-17.393420,644,17.733
BRT_01_shape,14.776240,-17.393370,645,17.739
BRT_01_shape,14.776190,-17.393310,646,17.748
BRT_01_shape,14.776130,-17.393200,647,17.761
BRT_01_shape,14.776060,-17.393050,648,17.779
BRT_01_shape,14.775970,-17.392910,649,17.797
BRT_01_shape,14.775970,-17.392910,650,17.797
BRT_01_shape,14.775780,-17.392610,651,17.836
BRT_01_shape,14.775580,-17.392320,652,17.874
BRT_01_shape,14.775190,-17.391740,653,17.950
BRT_01_shape,14.775110,-17.391620,654,17.966
BRT_01_shape,14.775090,-17.391590,655,17.970
BRT_01_shape,14.775020,-17.391460,656,17.986
BRT_01_shape,14.774960,-17.391340,657,18.000
BRT_01_shape,14.774810,-17.391150,658,18.027
BRT_01_shape,14.774430,-17.390670,659,18.093
BRT_01_shape,14.774370,-17.390590,660,18.104
BRT_01_shape,14.773980,-17.390010,661,18.180
BRT_01_shape,14.773660,-17.389570,662,18.239
BRT_01_shape,14.773570,-17.389440,663,18.256
BRT_01_shape,14.773330,-17.389110,664,18.301
BRT_01_shape,14.772990,-17.388620,665,18.366
BRT_01_shape,14.772930,-17.388520,666,18.378
BRT_01_shape,14.772910,-17.388490,667,18.382
BRT_01_shape,14.772800,-17.388360,668,18.401
BRT_01_shape,14.772750,-17.388330,669,18.407
BRT_01_shape,14.772720,-17.388290,670,18.413
BRT_01_shape,14.772710,-17.388240,671,18.418
BRT_01_shape,14.772640,-17.388150,672,18.431
BRT_01_shape,14.772600,-17.388090,673,18.438
BRT_01_shape,14.772520,-17.387980,674,18.453
BRT_01_shape,14.772310,-17.387680,675,18.493
TER_01_shape,14.676075,-17.433467,1,0.000
TER_01_shape,14.676395,-17.433643,2,0.040
TER_01_shape,14.678115,-17.434587,3,0.257
TER_01_shape,14.679176,-17.435170,4,0.390
TER_01_shape,14.679619,-17.435406,5,0.446
TER_01_shape,14.680187,-17.435724,6,0.518
TER_01_shape,14.680324,-17.435800,7,0.535
TER_01_shape,14.681198,-17.436276,8,0.645
TER_01_shape,14.682035,-17.436746,9,0.751
TER_01_shape,14.682301,-17.436867,10,0.783
TER_01_shape,14.682668,-17.437024,11,0.827
TER_01_shape,14.683035,-17.437162,12,0.871
TER_01_shape,14.686593,-17.438433,13,1.289
TER_01_shape,14.686901,-17.438550,14,1.326
TER_01_shape,14.687115,-17.438638,15,1.351
TER_01_shape,14.687366,-17.438748,16,1.382
TER_01_shape,14.687565,-17.438848,17,1.406
TER_01_shape,14.689367,-17.439777,18,1.630
TER_01_shape,14.689927,-17.440058,19,1.699
TER_01_shape,14.690542,-17.440382,20,1.776
TER_01_shape,14.691245,-17.440751,21,1.864
TER_01_shape,14.692299,-17.441285,22,1.994
TER_01_shape,14.692593,-17.441411,23,2.030
TER_01_shape,14.692953,-17.441549,24,2.072
TER_01_shape,14.693502,-17.441717,25,2.136
TER_01_shape,14.693830,-17.441791,26,2.173
TER_01_shape,14.694162,-17.441855,27,2.211
TER_01_shape,14.694567,-17.441908,28,2.256
TER_01_shape,14.694957,-17.441938,29,2.300
TER_01_shape,14.695349,-17.441947,30,2.343
TER_01_shape,14.695588,-17.441941,31,2.370
TER_01_shape,14.695802,-17.441934,32,2.394
TER_01_shape,14.697427,-17.441823,33,2.575
TER_01_shape,14.700434,-17.441626,34,2.910
TER_01_shape,14.701361,-17.441564,35,3.013
TER_01_shape,14.701954,-17.441538,36,3.079
TER_01_shape,14.702394,-17.441543,37,3.128
TER_01_shape,14.703212,-17.441541,38,3.219
TER_01_shape,14.706119,-17.441354,39,3.543
TER_01_shape,14.710807,-17.441040,40,4.065
TER_01_shape,14.711138,-17.441008,41,4.102
TER_01_shape,14.711381,-17.440970,42,4.130
TER_01_shape,14.711644,-17.440911,43,4.160
TER_01_shape,14.711901,-17.440852,44,4.189
TER_01_shape,14.712208,-17.440749,45,4.225
TER_01_shape,14.712523,-17.440631,46,4.262
TER_01_shape,14.712680,-17.440560,47,4.281
TER_01_shape,14.712810,-17.440489,48,4.297
TER_01_shape,14.713142,-17.440288,49,4.340
TER_01_shape,14.713382,-17.440134,50,4.372
TER_01_shape,14.713636,-17.439940,51,4.407
TER_01_shape,14.713901,-17.439708,52,4.445
TER_01_shape,14.714167,-17.439465,53,4.485
TER_01_shape,14.714405,-17.439187,54,4.525
TER_01_shape,14.714613,-17.438926,55,4.561
TER_01_shape,14.714789,-17.438662,56,4.596
TER_01_shape,14.714945,-17.438391,57,4.629
TER_01_shape,14.715092,-17.438106,58,4.664
TER_01_shape,14.715206,-17.437828,59,4.697
TER_01_shape,14.715338,-17.437486,60,4.736
TER_01_shape,14.715458,-17.437136,61,4.776
TER_01_shape,14.715609,-17.436744,62,4.822
TER_01_shape,14.715738,-17.436394,63,4.862
TER_01_shape,14.715886,-17.436060,64,4.901
TER_01_shape,14.716033,-17.435769,65,4.937
TER_01_shape,14.716205,-17.435486,66,4.973
TER_01_shape,14.716397,-17.435238,67,5.007
TER_01_shape,14.716590,-17.435012,68,5.039
TER_01_shape,14.716823,-17.434774,69,5.076
TER_01_shape,14.717066,-17.434569,70,5.111
TER_01_shape,14.717319,-17.434392,71,5.144
TER_01_shape,14.717912,-17.434069,72,5.219
TER_01_shape,14.720781,-17.432660,73,5.572
TER_01_shape,14.721464,-17.432359,74,5.655
TER_01_shape,14.722177,-17.432012,75,5.742
TER_01_shape,14.722869,-17.431668,76,5.828
TER_01_shape,14.726570,-17.429753,77,6.288
TER_01_shape,14.726885,-17.429591,78,6.327
TER_01_shape,14.727129,-17.429433,79,6.359
TER_01_shape,14.727308,-17.429315,80,6.383
TER_01_shape,14.727779,-17.428939,81,6.449
TER_01_shape,14.727918,-17.428816,82,6.469
TER_01_shape,14.728106,-17.428632,83,6.498
TER_01_shape,14.728256,-17.428479,84,6.521
TER_01_shape,14.728419,-17.428300,85,6.548
TER_01_shape,14.728695,-17.427955,86,6.596
TER_01_shape,14.728799,-17.427812,87,6.615
TER_01_shape,14.729003,-17.427517,88,6.654
TER_01_shape,14.731544,-17.423360,89,7.183
TER_01_shape,14.734255,-17.418950,90,7.745
TER_01_shape,14.734661,-17.418297,91,7.828
TER_01_shape,14.737112,-17.414377,92,8.330
TER_01_shape,14.737490,-17.413739,93,8.411
TER_01_shape,14.737692,-17.413388,94,8.455
TER_01_shape,14.737798,-17.413186,95,8.480
TER_01_shape,14.737871,-17.413023,96,8.499
TER_01_shape,14.737944,-17.412837,97,8.521
TER_01_shape,14.738000,-17.412673,98,8.539
TER_01_shape,14.738067,-17.412457,99,8.564
TER_01_shape,14.738133,-17.412215,100,8.591
TER_01_shape,14.738215,-17.411832,101,8.633
TER_01_shape,14.739715,-17.403525,102,9.542
TER_01_shape,14.739843,-17.402778,103,9.623
TER_01_shape,14.740105,-17.401261,104,9.789
TER_01_shape,14.740171,-17.400969,105,9.821
TER_01_shape,14.740243,-17.400741,106,9.847
TER_01_shape,14.740344,-17.400470,107,9.878
TER_01_shape,14.740423,-17.400294,108,9.899
TER_01_shape,14.740512,-17.400122,109,9.920
TER_01_shape,14.740643,-17.399894,110,9.949
TER_01_shape,14.740821,-17.399628,111,9.983
TER_01_shape,14.741023,-17.399379,112,10.018
TER_01_shape,14.742007,-17.398302,113,10.178
TER_01_shape,14.742167,-17.398141,114,10.202
TER_01_shape,14.742330,-17.397989,115,10.227
TER_01_shape,14.742482,-17.397857,116,10.249
TER_01_shape,14.742710,-17.397672,117,10.281
TER_01_shape,14.743642,-17.396933,118,10.412
TER_01_shape,14.744116,-17.396549,119,10.479
TER_01_shape,14.744952,-17.395875,120,10.597
TER_01_shape,14.745662,-17.395350,121,10.693
TER_01_shape,14.746369,-17.394826,122,10.790
TER_01_shape,14.747121,-17.394238,123,10.895
TER_01_shape,14.747478,-17.393927,124,10.947
TER_01_shape,14.748285,-17.393177,125,11.068
TER_01_shape,14.749337,-17.392168,126,11.227
TER_01_shape,14.749912,-17.391626,127,11.314
TER_01_shape,14.750433,-17.391135,128,11.392
TER_01_shape,14.752128,-17.389514,129,11.649
TER_01_shape,14.752735,-17.388943,130,11.740
TER_01_shape,14.754325,-17.387449,131,11.979
TER_01_shape,14.754666,-17.387101,132,12.032
TER_01_shape,14.754964,-17.386764,133,12.081
TER_01_shape,14.755256,-17.386417,134,12.131
TER_01_shape,14.755548,-17.386060,135,12.181
TER_01_shape,14.755833,-17.385694,136,12.232
TER_01_shape,14.756048,-17.385399,137,12.271
TER_01_shape,14.756302,-17.385034,138,12.320
TER_01_shape,14.756765,-17.384285,139,12.415
TER_01_shape,14.756969,-17.383918,140,12.461
TER_01_shape,14.757160,-17.383551,141,12.506
TER_01_shape,14.757962,-17.381907,142,12.704
TER_01_shape,14.758438,-17.380941,143,12.820
TER_01_shape,14.758769,-17.380260,144,12.902
TER_01_shape,14.759113,-17.379552,145,12.987
TER_01_shape,14.761184,-17.375235,146,13.505
TER_01_shape,14.761738,-17.373931,147,13.659
TER_01_shape,14.761926,-17.373447,148,13.715
TER_01_shape,14.762111,-17.372971,149,13.770
TER_01_shape,14.762553,-17.371713,150,13.914
TER_01_shape,14.762949,-17.370349,151,14.067
TER_01_shape,14.763179,-17.369418,152,14.170
TER_01_shape,14.763573,-17.367531,153,14.378
TER_01_shape,14.763725,-17.366614,154,14.478
TER_01_shape,14.763844,-17.365737,155,14.573
TER_01_shape,14.764197,-17.362658,156,14.906
TER_01_shape,14.764655,-17.358640,157,15.342
TER_01_shape,14.764667,-17.358509,158,15.356
TER_01_shape,14.764809,-17.357291,159,15.488
TER_01_shape,14.764895,-17.356529,160,15.570
TER_01_shape,14.764978,-17.355785,161,15.651
TER_01_shape,14.765123,-17.354452,162,15.795
TER_01_shape,14.765212,-17.353729,163,15.873
TER_01_shape,14.765365,-17.352311,164,16.027
TER_01_shape,14.765401,-17.351879,165,16.073
TER_01_shape,14.765411,-17.351460,166,16.118
TER_01_shape,14.765401,-17.351113,167,16.156
TER_01_shape,14.765367,-17.350657,168,16.205
TER_01_shape,14.765323,-17.350275,169,16.246
TER_01_shape,14.765272,-17.349964,170,16.280
TER_01_shape,14.765209,-17.349675,171,16.312
TER_01_shape,14.765123,-17.349356,172,16.347
TER_01_shape,14.764920,-17.348636,173,16.428
TER_01_shape,14.764178,-17.346483,174,16.674
TER_01_shape,14.764048,-17.346089,175,16.719
TER_01_shape,14.763925,-17.345746,176,16.758
TER_01_shape,14.763783,-17.345405,177,16.798
TER_01_shape,14.763613,-17.345077,178,16.838
TER_01_shape,14.763448,-17.344800,179,16.873
TER_01_shape,14.763237,-17.344492,180,16.914
TER_01_shape,14.763012,-17.344214,181,16.952
TER_01_shape,14.762765,-17.343950,182,16.992
TER_01_shape,14.762533,-17.343731,183,17.027
TER_01_shape,14.762267,-17.343509,184,17.065
TER_01_shape,14.761954,-17.343285,185,17.107
TER_01_shape,14.760577,-17.342394,186,17.288
TER_01_shape,14.760413,-17.342283,187,17.310
TER_01_shape,14.760302,-17.342191,188,17.325
TER_01_shape,14.759867,-17.341796,189,17.390
TER_01_shape,14.759659,-17.341555,190,17.425
TER_01_shape,14.759498,-17.341335,191,17.454
TER_01_shape,14.759328,-17.341064,192,17.489
TER_01_shape,14.759176,-17.340772,193,17.525
TER_01_shape,14.759043,-17.340477,194,17.560
TER_01_shape,14.758940,-17.340184,195,17.593
TER_01_shape,14.758849,-17.339853,196,17.630
TER_01_shape,14.758755,-17.339451,197,17.675
TER_01_shape,14.757612,-17.334011,198,18.273
TER_01_shape,14.757501,-17.333507,199,18.329
TER_01_shape,14.757411,-17.333123,200,18.371
TER_01_shape,14.757280,-17.332632,201,18.426
TER_01_shape,14.757134,-17.332140,202,18.481
TER_01_shape,14.756960,-17.331656,203,18.537
TER_01_shape,14.756802,-17.331247,204,18.584
TER_01_shape,14.756612,-17.330780,205,18.639
TER_01_shape,14.756389,-17.330318,206,18.694
TER_01_shape,14.756144,-17.329860,207,18.750
TER_01_shape,14.755952,-17.329497,208,18.795
TER_01_shape,14.755686,-17.329053,209,18.851
TER_01_shape,14.755409,-17.328628,210,18.906
TER_01_shape,14.755155,-17.328255,211,18.955
TER_01_shape,14.754902,-17.327927,212,19.001
TER_01_shape,14.754614,-17.327567,213,19.051
TER_01_shape,14.754314,-17.327214,214,19.101
TER_01_shape,14.750142,-17.322647,215,19.777
TER_01_shape,14.749595,-17.322031,216,19.867
TER_01_shape,14.749299,-17.321677,217,19.917
TER_01_shape,14.749024,-17.321308,218,19.967
TER_01_shape,14.748774,-17.320927,219,20.017
TER_01_shape,14.748561,-17.320569,220,20.062
TER_01_shape,14.748337,-17.320166,221,20.112
TER_01_shape,14.748138,-17.319747,222,20.162
TER_01_shape,14.747797,-17.318937,223,20.257
TER_01_shape,14.747476,-17.318173,224,20.347
TER_01_shape,14.747282,-17.317751,225,20.397
TER_01_shape,14.747066,-17.317340,226,20.447
TER_01_shape,14.746857,-17.316980,227,20.492
TER_01_shape,14.746608,-17.316593,228,20.542
TER_01_shape,14.746337,-17.316215,229,20.593
TER_01_shape,14.746063,-17.315862,230,20.642
TER_01_shape,14.745788,-17.315535,231,20.688
TER_01_shape,14.745382,-17.315112,232,20.752
TER_01_shape,14.744449,-17.314250,233,20.891
TER_01_shape,14.743843,-17.313710,234,20.980
TER_01_shape,14.736331,-17.307007,235,22.084
TER_01_shape,14.736012,-17.306702,236,22.132
TER_01_shape,14.735725,-17.306394,237,22.178
TER_01_shape,14.735431,-17.306045,238,22.228
TER_01_shape,14.735158,-17.305696,239,22.276
TER_01_shape,14.734909,-17.305334,240,22.324
TER_01_shape,14.734655,-17.304913,241,22.377
TER_01_shape,14.734455,-17.304547,242,22.422
TER_01_shape,14.726810,-17.290649,243,24.142
TER_01_shape,14.723560,-17.284681,244,24.878
TER_01_shape,14.723182,-17.283987,245,24.964
TER_01_shape,14.722825,-17.283332,246,25.045
TER_01_shape,14.720374,-17.278986,247,25.586
TER_01_shape,14.718142,-17.274908,248,26.090
TER_01_shape,14.717646,-17.274016,249,26.200
TER_01_shape,14.717164,-17.273137,250,26.309
TER_01_shape,14.717080,-17.272977,251,26.329
TER_01_shape,14.716799,-17.272447,252,26.394
TER_01_shape,14.716633,-17.272102,253,26.435
TER_01_shape,14.716530,-17.271874,254,26.462
TER_01_shape,14.716406,-17.271557,255,26.499
TER_01_shape,14.716233,-17.271038,256,26.558
TER_01_shape,14.715959,-17.270047,257,26.669
TER_01_shape,14.715293,-17.267635,258,26.939
TER_01_shape,14.714889,-17.266171,259,27.102
TER_01_shape,14.714771,-17.265810,260,27.143
TER_01_shape,14.714640,-17.265496,261,27.180
TER_01_shape,14.714536,-17.265280,262,27.206
TER_01_shape,14.714413,-17.265058,263,27.234
TER_01_shape,14.713962,-17.264308,264,27.329
TER_01_shape,14.708079,-17.254496,265,28.570
TER_01_shape,14.704907,-17.249207,266,29.239
TER_01_shape,14.704356,-17.248296,267,29.355
TER_01_shape,14.703973,-17.247697,268,29.432
TER_01_shape,14.703550,-17.247049,269,29.516
TER_01_shape,14.703069,-17.246384,270,29.606
TER_01_shape,14.702292,-17.245368,271,29.745
TER_01_shape,14.697750,-17.239550,272,30.549
TER_01_shape,14.697346,-17.239000,273,30.623
TER_01_shape,14.697142,-17.238693,274,30.663
TER_01_shape,14.696957,-17.238361,275,30.705
TER_01_shape,14.696796,-17.238038,276,30.744
TER_01_shape,14.696663,-17.237730,277,30.780
TER_01_shape,14.696548,-17.237385,278,30.819
TER_01_shape,14.696444,-17.237034,279,30.859
TER_01_shape,14.696361,-17.236661,280,30.900
TER_01_shape,14.696309,-17.236339,281,30.935
TER_01_shape,14.696273,-17.235962,282,30.976
TER_01_shape,14.696257,-17.235580,283,31.017
TER_01_shape,14.696268,-17.235209,284,31.057
TER_01_shape,14.696310,-17.234800,285,31.101
TER_01_shape,14.696377,-17.234386,286,31.146
TER_01_shape,14.696457,-17.234014,287,31.187
TER_01_shape,14.696558,-17.233665,288,31.226
TER_01_shape,14.696816,-17.232905,289,31.313
TER_01_shape,14.697898,-17.229947,290,31.653
TER_01_shape,14.698179,-17.229166,291,31.743
TER_01_shape,14.699255,-17.226121,292,32.091
TER_01_shape,14.699304,-17.225984,293,32.107
TER_01_shape,14.700846,-17.221634,294,32.605
TER_01_shape,14.704290,-17.212114,295,33.699
TER_01_shape,14.704439,-17.211713,296,33.745
TER_01_shape,14.704559,-17.211418,297,33.779
TER_01_shape,14.704689,-17.211133,298,33.813
TER_01_shape,14.704813,-17.210884,299,33.843
TER_01_shape,14.705013,-17.210519,300,33.888
TER_01_shape,14.705213,-17.210185,301,33.931
TER_01_shape,14.705422,-17.209878,302,33.971
TER_01_shape,14.705658,-17.209556,303,34.014
TER_01_shape,14.705894,-17.209267,304,34.055
TER_01_shape,14.706077,-17.209054,305,34.086
TER_01_shape,14.706524,-17.208567,306,34.158
TER_01_shape,14.707127,-17.207930,307,34.254
TER_01_shape,14.708239,-17.206762,308,34.430
TER_01_shape,14.709564,-17.205376,309,34.640
TER_01_shape,14.710103,-17.204782,310,34.727
TER_01_shape,14.710524,-17.204343,311,34.794
TER_01_shape,14.710565,-17.204301,312,34.800
TER_01_shape,14.710889,-17.203950,313,34.852
TER_01_shape,14.711177,-17.203643,314,34.898
TER_01_shape,14.711365,-17.203445,315,34.928
TER_01_shape,14.711749,-17.203032,316,34.990
TER_01_shape,14.713298,-17.201375,317,35.238
TER_01_shape,14.713389,-17.201278,318,35.252
TER_01_shape,14.715515,-17.199022,319,35.591
TER_01_shape,14.716056,-17.198439,320,35.678
DDD_07_shape,14.652830,-17.433580,1,0.000
DDD_07_shape,14.653100,-17.433680,2,0.032
DDD_07_shape,14.653320,-17.433720,3,0.057
DDD_07_shape,14.654140,-17.434020,4,0.153
DDD_07_shape,14.654210,-17.434030,5,0.161
DDD_07_shape,14.654370,-17.434090,6,0.180
DDD_07_shape,14.654600,-17.434180,7,0.208
DDD_07_shape,14.654650,-17.434240,8,0.216
DDD_07_shape,14.656080,-17.434780,9,0.385
DDD_07_shape,14.657270,-17.435250,10,0.527
DDD_07_shape,14.657410,-17.435300,11,0.544
DDD_07_shape,14.657730,-17.435430,12,0.582
DDD_07_shape,14.658920,-17.435910,13,0.724
DDD_07_shape,14.659320,-17.436070,14,0.771
DDD_07_shape,14.659520,-17.436140,15,0.795
DDD_07_shape,14.659760,-17.436240,16,0.824
DDD_07_shape,14.660090,-17.436360,17,0.863
DDD_07_shape,14.660180,-17.436400,18,0.874
DDD_07_shape,14.660820,-17.436640,19,0.949
DDD_07_shape,14.661540,-17.436920,20,1.035
DDD_07_shape,14.661660,-17.436960,21,1.049
DDD_07_shape,14.662190,-17.437170,22,1.112
DDD_07_shape,14.662770,-17.437410,23,1.181
DDD_07_shape,14.662790,-17.437380,24,1.185
DDD_07_shape,14.662810,-17.437340,25,1.190
DDD_07_shape,14.662840,-17.437320,26,1.194
DDD_07_shape,14.662870,-17.437300,27,1.198
DDD_07_shape,14.662910,-17.437280,28,1.203
DDD_07_shape,14.662950,-17.437280,29,1.207
DDD_07_shape,14.662900,-17.437130,30,1.225
DDD_07_shape,14.662830,-17.436730,31,1.268
DDD_07_shape,14.662700,-17.436090,32,1.339
DDD_07_shape,14.662640,-17.435740,33,1.377
DDD_07_shape,14.662590,-17.435480,34,1.405
DDD_07_shape,14.662530,-17.435160,35,1.440
DDD_07_shape,14.662450,-17.434730,36,1.488
DDD_07_shape,14.662430,-17.434590,37,1.503
DDD_07_shape,14.662430,-17.434480,38,1.515
DDD_07_shape,14.662460,-17.434380,39,1.526
DDD_07_shape,14.662500,-17.434320,40,1.534
DDD_07_shape,14.662550,-17.434260,41,1.542
DDD_07_shape,14.662650,-17.434210,42,1.555
DDD_07_shape,14.662880,-17.434130,43,1.582
DDD_07_shape,14.663070,-17.434070,44,1.604
DDD_07_shape,14.663300,-17.433990,45,1.631
DDD_07_shape,14.663400,-17.433960,46,1.642
DDD_07_shape,14.663820,-17.433820,47,1.691
DDD_07_shape,14.663920,-17.433790,48,1.703
DDD_07_shape,14.664290,-17.433650,49,1.747
DDD_07_shape,14.664550,-17.433560,50,1.777
DDD_07_shape,14.665420,-17.433240,51,1.880
DDD_07_shape,14.665990,-17.433030,52,1.947
DDD_07_shape,14.666020,-17.433020,53,1.951
DDD_07_shape,14.666080,-17.433000,54,1.958
DDD_07_shape,14.666640,-17.432800,55,2.024
DDD_07_shape,14.667310,-17.432550,56,2.103
DDD_07_shape,14.667430,-17.432510,57,2.117
DDD_07_shape,14.667870,-17.432410,58,2.167
DDD_07_shape,14.667940,-17.432350,59,2.177
DDD_07_shape,14.667960,-17.432310,60,2.182
DDD_07_shape,14.667970,-17.432270,61,2.186
DDD_07_shape,14.667990,-17.432110,62,2.204
DDD_07_shape,14.668020,-17.431910,63,2.225
DDD_07_shape,14.668070,-17.431780,64,2.240
DDD_07_shape,14.668170,-17.431720,65,2.253
DDD_07_shape,14.668350,-17.431640,66,2.275
DDD_07_shape,14.668430,-17.431620,67,2.284
DDD_07_shape,14.668480,-17.431620,68,2.290
DDD_07_shape,14.668570,-17.431610,69,2.300
DDD_07_shape,14.668600,-17.431640,70,2.304
DDD_07_shape,14.668950,-17.431610,71,2.344
DDD_07_shape,14.669550,-17.431650,72,2.410
DDD_07_shape,14.669570,-17.431650,73,2.413
DDD_07_shape,14.670100,-17.431680,74,2.472
DDD_07_shape,14.670140,-17.431680,75,2.476
DDD_07_shape,14.670380,-17.431700,76,2.503
DDD_07_shape,14.670410,-17.431700,77,2.506
DDD_07_shape,14.670480,-17.431760,78,2.516
DDD_07_shape,14.670530,-17.431820,79,2.525
DDD_07_shape,14.670560,-17.431880,80,2.532
DDD_07_shape,14.670580,-17.431940,81,2.539
DDD_07_shape,14.670580,-17.432100,82,2.556
DDD_07_shape,14.670570,-17.432190,83,2.566
DDD_07_shape,14.670560,-17.432240,84,2.571
DDD_07_shape,14.670520,-17.432330,85,2.582
DDD_07_shape,14.670490,-17.432380,86,2.588
DDD_07_shape,14.670440,-17.432420,87,2.595
DDD_07_shape,14.670410,-17.432440,88,2.599
DDD_07_shape,14.670370,-17.432450,89,2.604
DDD_07_shape,14.670320,-17.432450,90,2.609
DDD_07_shape,14.670100,-17.432440,91,2.634
DDD_07_shape,14.670050,-17.432440,92,2.640
DDD_07_shape,14.669510,-17.432420,93,2.700
DDD_07_shape,14.669500,-17.432600,94,2.719
DDD_07_shape,14.669480,-17.432910,95,2.752
DDD_07_shape,14.669460,-17.433330,96,2.798
DDD_07_shape,14.669420,-17.433900,97,2.859
DDD_07_shape,14.669390,-17.434430,98,2.916
DDD_07_shape,14.669380,-17.434580,99,2.932
DDD_07_shape,14.669350,-17.435170,100,2.996
DDD_07_shape,14.669330,-17.435370,101,3.018
DDD_07_shape,14.669300,-17.435930,102,3.078
DDD_07_shape,14.669220,-17.437300,103,3.226
DDD_07_shape,14.669290,-17.437300,104,3.233
DDD_07_shape,14.669360,-17.437390,105,3.246
DDD_07_shape,14.669410,-17.437460,106,3.255
DDD_07_shape,14.669500,-17.437570,107,3.271
DDD_07_shape,14.669540,-17.437620,108,3.278
DDD_07_shape,14.669800,-17.437930,109,3.322
DDD_07_shape,14.670300,-17.438580,110,3.411
DDD_07_shape,14.670240,-17.439600,111,3.521
DDD_07_shape,14.670070,-17.440020,112,3.570
DDD_07_shape,14.669720,-17.439890,113,3.611
DDD_07_shape,14.669080,-17.439650,114,3.687
DDD_07_shape,14.669130,-17.438940,115,3.764
DDD_07_shape,14.669130,-17.438880,116,3.770
DDD_07_shape,14.669170,-17.438210,117,3.842
DDD_07_shape,14.669190,-17.437800,118,3.886
DDD_07_shape,14.669190,-17.437700,119,3.897
DDD_07_shape,14.669200,-17.437610,120,3.907
DDD_07_shape,14.669210,-17.437450,121,3.924
DDD_07_shape,14.669220,-17.437300,122,3.940
DDD_07_shape,14.669290,-17.437300,123,3.948
DDD_07_shape,14.669360,-17.437390,124,3.961
DDD_07_shape,14.669410,-17.437460,125,3.970
DDD_07_shape,14.669500,-17.437570,126,3.985
DDD_07_shape,14.669540,-17.437620,127,3.992
DDD_07_shape,14.669800,-17.437930,128,4.037
DDD_07_shape,14.670300,-17.438580,129,4.126
DDD_07_shape,14.670840,-17.439250,130,4.220
DDD_07_shape,14.671150,-17.439660,131,4.276
DDD_07_shape,14.671450,-17.440100,132,4.334
DDD_07_shape,14.671440,-17.440150,133,4.339
DDD_07_shape,14.671430,-17.440200,134,4.345
DDD_07_shape,14.671570,-17.440380,135,4.369
DDD_07_shape,14.671620,-17.440430,136,4.377
DDD_07_shape,14.671640,-17.440440,137,4.380
DDD_07_shape,14.671690,-17.440480,138,4.387
DDD_07_shape,14.671790,-17.440530,139,4.399
DDD_07_shape,14.671850,-17.440620,140,4.411
DDD_07_shape,14.671980,-17.440790,141,4.434
DDD_07_shape,14.672120,-17.441000,142,4.461
DDD_07_shape,14.672200,-17.441110,143,4.476
DDD_07_shape,14.672320,-17.441230,144,4.495
DDD_07_shape,14.672500,-17.441430,145,4.524
DDD_07_shape,14.672740,-17.441690,146,4.563
DDD_07_shape,14.672870,-17.441840,147,4.585
DDD_07_shape,14.672920,-17.441890,148,4.592
DDD_07_shape,14.673020,-17.441990,149,4.608
DDD_07_shape,14.673150,-17.442090,150,4.626
DDD_07_shape,14.673320,-17.442200,151,4.648
DDD_07_shape,14.673990,-17.442540,152,4.731
DDD_07_shape,14.674190,-17.442690,153,4.759
DDD_07_shape,14.674430,-17.442860,154,4.791
DDD_07_shape,14.674550,-17.442980,155,4.809
DDD_07_shape,14.674650,-17.443060,156,4.823
DDD_07_shape,14.674950,-17.443340,157,4.868
DDD_07_shape,14.675180,-17.443570,158,4.904
DDD_07_shape,14.675600,-17.444040,159,4.973
DDD_07_shape,14.675890,-17.444350,160,5.019
DDD_07_shape,14.676570,-17.445080,161,5.128
DDD_07_shape,14.676690,-17.445220,162,5.148
DDD_07_shape,14.676840,-17.445360,163,5.171
DDD_07_shape,14.676920,-17.445440,164,5.183
DDD_07_shape,14.676980,-17.445480,165,5.191
DDD_07_shape,14.677030,-17.445520,166,5.198
DDD_07_shape,14.677110,-17.445580,167,5.209
DDD_07_shape,14.677130,-17.445600,168,5.212
DDD_07_shape,14.677180,-17.445650,169,5.220
DDD_07_shape,14.677200,-17.445640,170,5.222
DDD_07_shape,14.677230,-17.445640,171,5.226
DDD_07_shape,14.677290,-17.445610,172,5.233
DDD_07_shape,14.677340,-17.445590,173,5.239
DDD_07_shape,14.677380,-17.445560,174,5.245
DDD_07_shape,14.677460,-17.445490,175,5.256
DDD_07_shape,14.677730,-17.445210,176,5.299
DDD_07_shape,14.677850,-17.445330,177,5.317
DDD_07_shape,14.677620,-17.445550,178,5.352
DDD_07_shape,14.677590,-17.445630,179,5.361
DDD_07_shape,14.677600,-17.445720,180,5.371
DDD_07_shape,14.677640,-17.445820,181,5.383
DDD_07_shape,14.678020,-17.446210,182,5.442
DDD_07_shape,14.677930,-17.446300,183,5.456
DDD_07_shape,14.677880,-17.446350,184,5.464
DDD_07_shape,14.678020,-17.446480,185,5.485
DDD_07_shape,14.679740,-17.448320,186,5.760
DDD_07_shape,14.679960,-17.448560,187,5.796
DDD_07_shape,14.680080,-17.448680,188,5.814
DDD_07_shape,14.680110,-17.448720,189,5.820
DDD_07_shape,14.680450,-17.449070,190,5.873
DDD_07_shape,14.680820,-17.449450,191,5.931
DDD_07_shape,14.680950,-17.449610,192,5.954
DDD_07_shape,14.681150,-17.449810,193,5.985
DDD_07_shape,14.681310,-17.449990,194,6.011
DDD_07_shape,14.682090,-17.450790,195,6.133
DDD_07_shape,14.682170,-17.450880,196,6.146
DDD_07_shape,14.682220,-17.450920,197,6.153
DDD_07_shape,14.682570,-17.451320,198,6.211
DDD_07_shape,14.682910,-17.451690,199,6.266
DDD_07_shape,14.683260,-17.452060,200,6.322
DDD_07_shape,14.683370,-17.452180,201,6.340
DDD_07_shape,14.683500,-17.452320,202,6.360
DDD_07_shape,14.683590,-17.452420,203,6.375
DDD_07_shape,14.683720,-17.452560,204,6.396
DDD_07_shape,14.683740,-17.452590,205,6.400
DDD_07_shape,14.683960,-17.452820,206,6.435
DDD_07_shape,14.684260,-17.453150,207,6.483
DDD_07_shape,14.684420,-17.453330,208,6.510
DDD_07_shape,14.684500,-17.453380,209,6.520
DDD_07_shape,14.684520,-17.453380,210,6.522
DDD_07_shape,14.684540,-17.453370,211,6.525
DDD_07_shape,14.684560,-17.453370,212,6.527
DDD_07_shape,14.684600,-17.453380,213,6.532
DDD_07_shape,14.684630,-17.453380,214,6.535
DDD_07_shape,14.684660,-17.453400,215,6.539
DDD_07_shape,14.684690,-17.453420,216,6.543
DDD_07_shape,14.684710,-17.453440,217,6.546
DDD_07_shape,14.684740,-17.453460,218,6.550
DDD_07_shape,14.684750,-17.453490,219,6.553
DDD_07_shape,14.684770,-17.453530,220,6.558
DDD_07_shape,14.684780,-17.453570,221,6.563
DDD_07_shape,14.684780,-17.453610,222,6.567
DDD_07_shape,14.684780,-17.453660,223,6.572
DDD_07_shape,14.685000,-17.453800,224,6.601
DDD_07_shape,14.685270,-17.454020,225,6.639
DDD_07_shape,14.685420,-17.454160,226,6.662
DDD_07_shape,14.685560,-17.454320,227,6.685
DDD_07_shape,14.685590,-17.454350,228,6.690
DDD_07_shape,14.685790,-17.454550,229,6.721
DDD_07_shape,14.686060,-17.454840,230,6.764
DDD_07_shape,14.686250,-17.455050,231,6.795
DDD_07_shape,14.686420,-17.455240,232,6.823
DDD_07_shape,14.686590,-17.455450,233,6.852
DDD_07_shape,14.686840,-17.455760,234,6.895
DDD_07_shape,14.687020,-17.455990,235,6.927
DDD_07_shape,14.687120,-17.456100,236,6.944
DDD_07_shape,14.687370,-17.456400,237,6.986
DDD_07_shape,14.687480,-17.456510,238,7.003
DDD_07_shape,14.687580,-17.456610,239,7.019
DDD_07_shape,14.687690,-17.456700,240,7.034
DDD_07_shape,14.687810,-17.456790,241,7.051
DDD_07_shape,14.688040,-17.456930,242,7.080
DDD_07_shape,14.688100,-17.456970,243,7.088
DDD_07_shape,14.689180,-17.457650,244,7.229
DDD_07_shape,14.689560,-17.457900,245,7.279
DDD_07_shape,14.689660,-17.457960,246,7.292
DDD_07_shape,14.689750,-17.458030,247,7.304
DDD_07_shape,14.689840,-17.458110,248,7.318
DDD_07_shape,14.689960,-17.458220,249,7.335
DDD_07_shape,14.690010,-17.458270,250,7.343
DDD_07_shape,14.690060,-17.458320,251,7.351
DDD_07_shape,14.690300,-17.458600,252,7.391
DDD_07_shape,14.690390,-17.458710,253,7.407
DDD_07_shape,14.690650,-17.459020,254,7.451
DDD_07_shape,14.690910,-17.459320,255,7.494
DDD_07_shape,14.691130,-17.459600,256,7.533
DDD_07_shape,14.691290,-17.459800,257,7.561
DDD_07_shape,14.691770,-17.460360,258,7.641
DDD_07_shape,14.692080,-17.460780,259,7.698
DDD_07_shape,14.692470,-17.461320,260,7.771
DDD_07_shape,14.692530,-17.461380,261,7.780
DDD_07_shape,14.692570,-17.461430,262,7.787
DDD_07_shape,14.692620,-17.461450,263,7.793
DDD_07_shape,14.692690,-17.461500,264,7.802
DDD_07_shape,14.692720,-17.461500,265,7.806
DDD_07_shape,14.692750,-17.461510,266,7.809
DDD_07_shape,14.692770,-17.461520,267,7.812
DDD_07_shape,14.692790,-17.461530,268,7.814
DDD_07_shape,14.692810,-17.461550,269,7.817
DDD_07_shape,14.692820,-17.461570,270,7.820
DDD_07_shape,14.692830,-17.461600,271,7.823
DDD_07_shape,14.692840,-17.461620,272,7.825
DDD_07_shape,14.692870,-17.461720,273,7.837
DDD_07_shape,14.692890,-17.461770,274,7.843
DDD_07_shape,14.692920,-17.461810,275,7.848
DDD_07_shape,14.692980,-17.461880,276,7.858
DDD_07_shape,14.693040,-17.461930,277,7.867
DDD_07_shape,14.693080,-17.461970,278,7.873
DDD_07_shape,14.693200,-17.462110,279,7.893
DDD_07_shape,14.693540,-17.462500,280,7.949
DDD_07_shape,14.693900,-17.462940,281,8.011
DDD_07_shape,14.695950,-17.465340,282,8.356
DDD_07_shape,14.696280,-17.465750,283,8.413
DDD_07_shape,14.696500,-17.465990,284,8.449
DDD_07_shape,14.696600,-17.466090,285,8.464
DDD_07_shape,14.696720,-17.466240,286,8.485
DDD_07_shape,14.696790,-17.466320,287,8.497
DDD_07_shape,14.696910,-17.466470,288,8.518
DDD_07_shape,14.697020,-17.466610,289,8.537
DDD_07_shape,14.697050,-17.466620,290,8.540
DDD_07_shape,14.697090,-17.466640,291,8.545
DDD_07_shape,14.697120,-17.466670,292,8.550
DDD_07_shape,14.697150,-17.466700,293,8.555
DDD_07_shape,14.697350,-17.466910,294,8.586
DDD_07_shape,14.697540,-17.467110,295,8.617
DDD_07_shape,14.697710,-17.467280,296,8.643
DDD_07_shape,14.697810,-17.467380,297,8.658
DDD_07_shape,14.697930,-17.467480,298,8.675
DDD_07_shape,14.698020,-17.467550,299,8.688
DDD_07_shape,14.698120,-17.467610,300,8.701
DDD_07_shape,14.698230,-17.467680,301,8.715
DDD_07_shape,14.698440,-17.467760,302,8.740
DDD_07_shape,14.698500,-17.467790,303,8.748
DDD_07_shape,14.698550,-17.467800,304,8.753
DDD_07_shape,14.698600,-17.467810,305,8.759
DDD_07_shape,14.698660,-17.467810,306,8.766
DDD_07_shape,14.698710,-17.467760,307,8.773
DDD_07_shape,14.698740,-17.467730,308,8.778
DDD_07_shape,14.698780,-17.467710,309,8.783
DDD_07_shape,14.698820,-17.467690,310,8.788
DDD_07_shape,14.698870,-17.467680,311,8.793
DDD_07_shape,14.698910,-17.467670,312,8.798
DDD_07_shape,14.698970,-17.467670,313,8.805
DDD_07_shape,14.699020,-17.467670,314,8.810
DDD_07_shape,14.699080,-17.467680,315,8.817
DDD_07_shape,14.699130,-17.467700,316,8.823
DDD_07_shape,14.699180,-17.467730,317,8.829
DDD_07_shape,14.699230,-17.467760,318,8.836
DDD_07_shape,14.699270,-17.467810,319,8.843
DDD_07_shape,14.699300,-17.467840,320,8.847
DDD_07_shape,14.699320,-17.467870,321,8.851
DDD_07_shape,14.699340,-17.467910,322,8.856
DDD_07_shape,14.699350,-17.467950,323,8.861
DDD_07_shape,14.699360,-17.467990,324,8.865
DDD_07_shape,14.699370,-17.468030,325,8.870
DDD_07_shape,14.699380,-17.468070,326,8.874
DDD_07_shape,14.699380,-17.468110,327,8.878
DDD_07_shape,14.699370,-17.468160,328,8.884
DDD_07_shape,14.699360,-17.468200,329,8.888
DDD_07_shape,14.699350,-17.468250,330,8.894
DDD_07_shape,14.699330,-17.468290,331,8.899
DDD_07_shape,14.699300,-17.468330,332,8.904
DDD_07_shape,14.699280,-17.468370,333,8.909
DDD_07_shape,14.699240,-17.468400,334,8.914
DDD_07_shape,14.699210,-17.468430,335,8.919
DDD_07_shape,14.699170,-17.468460,336,8.924
DDD_07_shape,14.699140,-17.468480,337,8.928
DDD_07_shape,14.699080,-17.468540,338,8.938
DDD_07_shape,14.699040,-17.468590,339,8.945
DDD_07_shape,14.699000,-17.468640,340,8.952
DDD_07_shape,14.698990,-17.468660,341,8.954
DDD_07_shape,14.698980,-17.468680,342,8.957
DDD_07_shape,14.698960,-17.468720,343,8.961
DDD_07_shape,14.698950,-17.468790,344,8.969
DDD_07_shape,14.698960,-17.468830,345,8.973
DDD_07_shape,14.698960,-17.468870,346,8.978
DDD_07_shape,14.698970,-17.468910,347,8.982
DDD_07_shape,14.698990,-17.468970,348,8.989
DDD_07_shape,14.699950,-17.470120,349,9.152
DDD_07_shape,14.699970,-17.470140,350,9.155
DDD_07_shape,14.700210,-17.470440,351,9.197
DDD_07_shape,14.700260,-17.470500,352,9.206
DDD_07_shape,14.700580,-17.470850,353,9.258
DDD_07_shape,14.700700,-17.471010,354,9.279
DDD_07_shape,14.701080,-17.471470,355,9.344
DDD_07_shape,14.701290,-17.471710,356,9.379
DDD_07_shape,14.701550,-17.472030,357,9.424
DDD_07_shape,14.701780,-17.472320,358,9.465
DDD_07_shape,14.702070,-17.472660,359,9.513
DDD_07_shape,14.702230,-17.472850,360,9.540
DDD_07_shape,14.702270,-17.472890,361,9.547
DDD_07_shape,14.702450,-17.473120,362,9.578
DDD_07_shape,14.702720,-17.473450,363,9.625
DDD_07_shape,14.702900,-17.473670,364,9.656
DDD_07_shape,14.703010,-17.473810,365,9.675
DDD_07_shape,14.703180,-17.474050,366,9.707
DDD_07_shape,14.703270,-17.474190,367,9.725
DDD_07_shape,14.703350,-17.474320,368,9.742
DDD_07_shape,14.703380,-17.474370,369,9.748
DDD_07_shape,14.703430,-17.474450,370,9.759
DDD_07_shape,14.703460,-17.474460,371,9.762
DDD_07_shape,14.703500,-17.474470,372,9.767
DDD_07_shape,14.703540,-17.474500,373,9.772
DDD_07_shape,14.703570,-17.474540,374,9.778
DDD_07_shape,14.703590,-17.474580,375,9.782
DDD_07_shape,14.703590,-17.474630,376,9.788
DDD_07_shape,14.703580,-17.474680,377,9.793
DDD_07_shape,14.703570,-17.474720,378,9.798
DDD_07_shape,14.703550,-17.474750,379,9.802
DDD_07_shape,14.703540,-17.474880,380,9.816
DDD_07_shape,14.703550,-17.474960,381,9.824
DDD_07_shape,14.703590,-17.475190,382,9.849
DDD_07_shape,14.703670,-17.475650,383,9.900
DDD_07_shape,14.703740,-17.476060,384,9.945
DDD_07_shape,14.703820,-17.476340,385,9.976
DDD_07_shape,14.703880,-17.476540,386,9.998
DDD_07_shape,14.703970,-17.476750,387,10.023
DDD_07_shape,14.704110,-17.477030,388,10.057
DDD_07_shape,14.704220,-17.477200,389,10.079
DDD_07_shape,14.704400,-17.477440,390,10.112
DDD_07_shape,14.704620,-17.477670,391,10.146
DDD_07_shape,14.704770,-17.477820,392,10.170
DDD_07_shape,14.705080,-17.478050,393,10.212
DDD_07_shape,14.705430,-17.478300,394,10.259
DDD_07_shape,14.705890,-17.478610,395,10.320
DDD_07_shape,14.706050,-17.478720,396,10.342
DDD_07_shape,14.706220,-17.478880,397,10.367
DDD_07_shape,14.706560,-17.479180,398,10.417
DDD_07_shape,14.706630,-17.479240,399,10.427
DDD_07_shape,14.707120,-17.479700,400,10.501
DDD_07_shape,14.707440,-17.480020,401,10.550
DDD_07_shape,14.707700,-17.480280,402,10.591
DDD_07_shape,14.708080,-17.480640,403,10.648
DDD_07_shape,14.708180,-17.480740,404,10.663
DDD_07_shape,14.708280,-17.480820,405,10.677
DDD_07_shape,14.708380,-17.480920,406,10.693
DDD_07_shape,14.708500,-17.481010,407,10.709
DDD_07_shape,14.708590,-17.481080,408,10.722
DDD_07_shape,14.708640,-17.481110,409,10.728
DDD_07_shape,14.708720,-17.481170,410,10.739
DDD_07_shape,14.708820,-17.481220,411,10.752
DDD_07_shape,14.708930,-17.481270,412,10.765
DDD_07_shape,14.709130,-17.481350,413,10.789
DDD_07_shape,14.709280,-17.481420,414,10.807
DDD_07_shape,14.709340,-17.481440,415,10.814
DDD_07_shape,14.709420,-17.481460,416,10.823
DDD_07_shape,14.709500,-17.481480,417,10.832
DDD_07_shape,14.709550,-17.481490,418,10.838
DDD_07_shape,14.709670,-17.481500,419,10.852
DDD_07_shape,14.709700,-17.481510,420,10.855
DDD_07_shape,14.709730,-17.481510,421,10.858
DDD_07_shape,14.709830,-17.481520,422,10.870
DDD_07_shape,14.709860,-17.481480,423,10.875
DDD_07_shape,14.709890,-17.481440,424,10.880
DDD_07_shape,14.709940,-17.481420,425,10.886
DDD_07_shape,14.709990,-17.481420,426,10.892
DDD_07_shape,14.710040,-17.481420,427,10.897
DDD_07_shape,14.710080,-17.481440,428,10.902
DDD_07_shape,14.710120,-17.481470,429,10.908
DDD_07_shape,14.710150,-17.481500,430,10.913
DDD_07_shape,14.710160,-17.481540,431,10.917
DDD_07_shape,14.710170,-17.481580,432,10.921
DDD_07_shape,14.710270,-17.481610,433,10.933
DDD_07_shape,14.710290,-17.481610,434,10.935
DDD_07_shape,14.710400,-17.481630,435,10.948
DDD_07_shape,14.710570,-17.481620,436,10.967
DDD_07_shape,14.710810,-17.481600,437,10.993
DDD_07_shape,14.711470,-17.481540,438,11.067
DDD_07_shape,14.711720,-17.481520,439,11.095
DDD_07_shape,14.712710,-17.481420,440,11.206
DDD_07_shape,14.712980,-17.481420,441,11.236
DDD_07_shape,14.713210,-17.481440,442,11.261
DDD_07_shape,14.713500,-17.481490,443,11.294
DDD_07_shape,14.713690,-17.481540,444,11.316
DDD_07_shape,14.713790,-17.481570,445,11.327
DDD_07_shape,14.713860,-17.481600,446,11.336
DDD_07_shape,14.713970,-17.481630,447,11.348
DDD_07_shape,14.714050,-17.481670,448,11.358
DDD_07_shape,14.714210,-17.481760,449,11.379
DDD_07_shape,14.714350,-17.481830,450,11.396
DDD_07_shape,14.714660,-17.482000,451,11.435
DDD_07_shape,14.714680,-17.482010,452,11.437
DDD_07_shape,14.714970,-17.482190,453,11.475
DDD_07_shape,14.715090,-17.482260,454,11.490
DDD_07_shape,14.715230,-17.482380,455,11.510
DDD_07_shape,14.715340,-17.482470,456,11.526
DDD_07_shape,14.715400,-17.482530,457,11.535
DDD_07_shape,14.715480,-17.482610,458,11.548
DDD_07_shape,14.715630,-17.482780,459,11.572
DDD_07_shape,14.716000,-17.483380,460,11.649
DDD_07_shape,14.716020,-17.483410,461,11.653
DDD_07_shape,14.716100,-17.483550,462,11.670
DDD_07_shape,14.716370,-17.483990,463,11.726
DDD_07_shape,14.716410,-17.484010,464,11.731
DDD_07_shape,14.716500,-17.484060,465,11.743
DDD_07_shape,14.716580,-17.484160,466,11.757
DDD_07_shape,14.716700,-17.484330,467,11.779
DDD_07_shape,14.716850,-17.484560,468,11.809
DDD_07_shape,14.717010,-17.484680,469,11.831
DDD_07_shape,14.717140,-17.484770,470,11.849
DDD_07_shape,14.717270,-17.484820,471,11.864
DDD_07_shape,14.717470,-17.484920,472,11.889
DDD_07_shape,14.717650,-17.485080,473,11.915
DDD_07_shape,14.717980,-17.485360,474,11.963
DDD_07_shape,14.718530,-17.485890,475,12.046
DDD_07_shape,14.718760,-17.486050,476,12.077
DDD_07_shape,14.718970,-17.486110,477,12.101
DDD_07_shape,14.719450,-17.486200,478,12.155
DDD_07_shape,14.719510,-17.486270,479,12.165
DDD_07_shape,14.719210,-17.486760,480,12.228
DDD_07_shape,14.719080,-17.486970,481,12.255
DDD_07_shape,14.719040,-17.487040,482,12.263
DDD_07_shape,14.718620,-17.487660,483,12.345
DDD_07_shape,14.718480,-17.487870,484,12.372
DDD_07_shape,14.718470,-17.487900,485,12.376
DDD_07_shape,14.718440,-17.487970,486,12.384
DDD_07_shape,14.718460,-17.487990,487,12.387
DDD_07_shape,14.718460,-17.488010,488,12.389
DDD_07_shape,14.718460,-17.488040,489,12.392
DDD_07_shape,14.718460,-17.488070,490,12.396
DDD_07_shape,14.718440,-17.488090,491,12.399
DDD_07_shape,14.718420,-17.488100,492,12.401
DDD_07_shape,14.718390,-17.488110,493,12.405
DDD_07_shape,14.718370,-17.488110,494,12.407
DDD_07_shape,14.718350,-17.488090,495,12.410
DDD_07_shape,14.718330,-17.488080,496,12.412
DDD_07_shape,14.718310,-17.488050,497,12.416
DDD_07_shape,14.718310,-17.488030,498,12.419
DDD_07_shape,14.718310,-17.488000,499,12.422
DDD_07_shape,14.718330,-17.487980,500,12.425
DDD_07_shape,14.718300,-17.487890,501,12.435
DDD_07_shape,14.718280,-17.487850,502,12.440
DDD_07_shape,14.718270,-17.487830,503,12.442
DDD_07_shape,14.718250,-17.487800,504,12.446
DDD_07_shape,14.718200,-17.487680,505,12.460
DDD_07_shape,14.718020,-17.487230,506,12.513
DDD_07_shape,14.717970,-17.487110,507,12.527
DDD_07_shape,14.717910,-17.486930,508,12.547
DDD_07_shape,14.717960,-17.486860,509,12.557
DDD_07_shape,14.717980,-17.486850,510,12.559
DDD_07_shape,14.718010,-17.486840,511,12.563
DDD_07_shape,14.718030,-17.486850,512,12.565
DDD_07_shape,14.718540,-17.486950,513,12.623
DDD_07_shape,14.718760,-17.486990,514,12.648
DDD_07_shape,14.719000,-17.487040,515,12.675
DDD_07_shape,14.719040,-17.487040,516,12.679
DDD_07_shape,14.719080,-17.486970,517,12.688
DDD_07_shape,14.719210,-17.486760,518,12.715
DDD_07_shape,14.719510,-17.486270,519,12.777
DDD_07_shape,14.719610,-17.486170,520,12.793
DDD_07_shape,14.720160,-17.485840,521,12.863
DDD_07_shape,14.720260,-17.485800,522,12.875
DDD_07_shape,14.720350,-17.485780,523,12.885
DDD_07_shape,14.720570,-17.485780,524,12.910
DDD_07_shape,14.720700,-17.485780,525,12.924
DDD_07_shape,14.721530,-17.485740,526,13.017
DDD_07_shape,14.721640,-17.485730,527,13.029
DDD_07_shape,14.721750,-17.485680,528,13.042
DDD_07_shape,14.721830,-17.485610,529,13.054
DDD_07_shape,14.721950,-17.485370,530,13.083
DDD_07_shape,14.722370,-17.484620,531,13.176
DDD_07_shape,14.722430,-17.484540,532,13.187
DDD_07_shape,14.722500,-17.484430,533,13.201
DDD_07_shape,14.722680,-17.484260,534,13.229
DDD_07_shape,14.723100,-17.483960,535,13.285
DDD_07_shape,14.723890,-17.483450,536,13.389
DDD_07_shape,14.724090,-17.483310,537,13.416
DDD_07_shape,14.724480,-17.482910,538,13.477
DDD_07_shape,14.724660,-17.482730,539,13.505
DDD_07_shape,14.724660,-17.482730,540,13.505
DDD_07_shape,14.725030,-17.482720,541,13.546
DDD_07_shape,14.725120,-17.482710,542,13.556
DDD_07_shape,14.725400,-17.482730,543,13.587
DDD_07_shape,14.725850,-17.482720,544,13.637
DDD_07_shape,14.726160,-17.482700,545,13.672
DDD_07_shape,14.726430,-17.482700,546,13.702
DDD_07_shape,14.726590,-17.482700,547,13.719
DDD_07_shape,14.726840,-17.482700,548,13.747
DDD_07_shape,14.726910,-17.482710,549,13.755
DDD_07_shape,14.726940,-17.482760,550,13.761
DDD_07_shape,14.727020,-17.482920,551,13.781
DDD_07_shape,14.727060,-17.483020,552,13.792
DDD_07_shape,14.727160,-17.483220,553,13.817
DDD_07_shape,14.727260,-17.483440,554,13.843
DDD_07_shape,14.727300,-17.483550,555,13.855
DDD_07_shape,14.727320,-17.483660,556,13.867
DDD_07_shape,14.727340,-17.483830,557,13.886
DDD_07_shape,14.727360,-17.484230,558,13.929
DDD_07_shape,14.727380,-17.484640,559,13.973
DDD_07_shape,14.727400,-17.485020,560,14.014
DDD_07_shape,14.727400,-17.485200,561,14.033
DDD_07_shape,14.727420,-17.485520,562,14.068
DDD_07_shape,14.727420,-17.485580,563,14.074
DDD_07_shape,14.727440,-17.486420,564,14.165
DDD_07_shape,14.727440,-17.486680,565,14.193
DDD_07_shape,14.727450,-17.486920,566,14.218
DDD_07_shape,14.727450,-17.487080,567,14.236
DDD_07_shape,14.727450,-17.487210,568,14.250
DDD_07_shape,14.727440,-17.487450,569,14.276
DDD_07_shape,14.727440,-17.488140,570,14.350
DDD_07_shape,14.727640,-17.488090,571,14.373
DDD_07_shape,14.727800,-17.488050,572,14.391
DDD_07_shape,14.728100,-17.487980,573,14.425
DDD_07_shape,14.728330,-17.487920,574,14.451
DDD_07_shape,14.728470,-17.487880,575,14.468
DDD_07_shape,14.728640,-17.487850,576,14.487
DDD_07_shape,14.728680,-17.488110,577,14.515
DDD_07_shape,14.728840,-17.488830,578,14.595
DDD_07_shape,14.728870,-17.489000,579,14.613
DDD_07_shape,14.728970,-17.489410,580,14.659
DDD_07_shape,14.729010,-17.489580,581,14.677
DDD_07_shape,14.729040,-17.489680,582,14.689
DDD_07_shape,14.729070,-17.489810,583,14.703
DDD_07_shape,14.729100,-17.489950,584,14.718
DDD_07_shape,14.729160,-17.490250,585,14.751
DDD_07_shape,14.729180,-17.490310,586,14.758
DDD_07_shape,14.729270,-17.490700,587,14.801
DDD_07_shape,14.729370,-17.491150,588,14.851
DDD_07_shape,14.729370,-17.491150,589,14.851
DDD_07_shape,14.729390,-17.491250,590,14.862
DDD_07_shape,14.729680,-17.492570,591,15.008
DDD_07_shape,14.729810,-17.493110,592,15.067
DDD_07_shape,14.729960,-17.493740,593,15.137
DDD_07_shape,14.729990,-17.493800,594,15.144
DDD_07_shape,14.730030,-17.493850,595,15.151
DDD_07_shape,14.730090,-17.493880,596,15.159
DDD_07_shape,14.730190,-17.493880,597,15.170
DDD_07_shape,14.730400,-17.493820,598,15.194
DDD_07_shape,14.730690,-17.494640,599,15.288
DDD_07_shape,14.730970,-17.495410,600,15.377
DDD_07_shape,14.731230,-17.495310,601,15.407
DDD_07_shape,14.731470,-17.495220,602,15.436
DDD_07_shape,14.731670,-17.495140,603,15.460
DDD_07_shape,14.731700,-17.495130,604,15.463
DDD_07_shape,14.731930,-17.495040,605,15.490
DDD_07_shape,14.732190,-17.494950,606,15.521
DDD_07_shape,14.732420,-17.494860,607,15.548
DDD_07_shape,14.732650,-17.494770,608,15.576
DDD_07_shape,14.732920,-17.494670,609,15.608
DDD_07_shape,14.732880,-17.494310,610,15.647
DDD_07_shape,14.732790,-17.493840,611,15.698
DDD_07_shape,14.732670,-17.493140,612,15.774
DDD_07_shape,14.732630,-17.493080,613,15.782
DDD_07_shape,14.732560,-17.493050,614,15.791
DDD_07_shape,14.732490,-17.493040,615,15.799
DDD_07_shape,14.732440,-17.493050,616,15.804
DDD_07_shape,14.732340,-17.493080,617,15.816
DDD_07_shape,14.732290,-17.493100,618,15.822
DDD_07_shape,14.732270,-17.493030,619,15.830
DDD_07_shape,14.732440,-17.492940,620,15.851
DDD_10_shape,14.652830,-17.433580,1,0.000
DDD_10_shape,14.653100,-17.433680,2,0.032
DDD_10_shape,14.653320,-17.433720,3,0.057
DDD_10_shape,14.654140,-17.434020,4,0.153
DDD_10_shape,14.654210,-17.434030,5,0.161
DDD_10_shape,14.654370,-17.434090,6,0.180
DDD_10_shape,14.654600,-17.434180,7,0.208
DDD_10_shape,14.654650,-17.434240,8,0.216
DDD_10_shape,14.656080,-17.434780,9,0.385
DDD_10_shape,14.657270,-17.435250,10,0.527
DDD_10_shape,14.657410,-17.435300,11,0.544
DDD_10_shape,14.657730,-17.435430,12,0.582
DDD_10_shape,14.658920,-17.435910,13,0.724
DDD_10_shape,14.659320,-17.436070,14,0.771
DDD_10_shape,14.659520,-17.436140,15,0.795
DDD_10_shape,14.659760,-17.436240,16,0.824
DDD_10_shape,14.660090,-17.436360,17,0.863
DDD_10_shape,14.660180,-17.436400,18,0.874
DDD_10_shape,14.660820,-17.436640,19,0.949
DDD_10_shape,14.661540,-17.436920,20,1.035
DDD_10_shape,14.661660,-17.436960,21,1.049
DDD_10_shape,14.662190,-17.437170,22,1.112
DDD_10_shape,14.662770,-17.437410,23,1.181
DDD_10_shape,14.662790,-17.437380,24,1.185
DDD_10_shape,14.662810,-17.437340,25,1.190
DDD_10_shape,14.662840,-17.437320,26,1.194
DDD_10_shape,14.662870,-17.437300,27,1.198
DDD_10_shape,14.662910,-17.437280,28,1.203
DDD_10_shape,14.662950,-17.437280,29,1.207
DDD_10_shape,14.662900,-17.437130,30,1.225
DDD_10_shape,14.662830,-17.436730,31,1.268
DDD_10_shape,14.662700,-17.436090,32,1.339
DDD_10_shape,14.662640,-17.435740,33,1.377
DDD_10_shape,14.662590,-17.435480,34,1.405
DDD_10_shape,14.662530,-17.435160,35,1.440
DDD_10_shape,14.662450,-17.434730,36,1.488
DDD_10_shape,14.663870,-17.434820,37,1.646
DDD_10_shape,14.664570,-17.434860,38,1.724
DDD_10_shape,14.664980,-17.434890,39,1.769
DDD_10_shape,14.665170,-17.435480,40,1.836
DDD_10_shape,14.665230,-17.435650,41,1.856
DDD_10_shape,14.665670,-17.436980,42,2.007
DDD_10_shape,14.665750,-17.437240,43,2.036
DDD_10_shape,14.665800,-17.437420,44,2.056
DDD_10_shape,14.665850,-17.437590,45,2.076
DDD_10_shape,14.666010,-17.438040,46,2.127
DDD_10_shape,14.666050,-17.438230,47,2.148
DDD_10_shape,14.666080,-17.438310,48,2.157
DDD_10_shape,14.666090,-17.438340,49,2.161
DDD_10_shape,14.666110,-17.438360,50,2.164
DDD_10_shape,14.666130,-17.438390,51,2.168
DDD_10_shape,14.666150,-17.438400,52,2.170
DDD_10_shape,14.666200,-17.438460,53,2.179
DDD_10_shape,14.666220,-17.438460,54,2.181
DDD_10_shape,14.666240,-17.438480,55,2.184
DDD_10_shape,14.666270,-17.438490,56,2.188
DDD_10_shape,14.666290,-17.438520,57,2.191
DDD_10_shape,14.666300,-17.438540,58,2.194
DDD_10_shape,14.666310,-17.438570,59,2.197
DDD_10_shape,14.666320,-17.438600,60,2.201
DDD_10_shape,14.666320,-17.438630,61,2.204
DDD_10_shape,14.666310,-17.438660,62,2.207
DDD_10_shape,14.666300,-17.438690,63,2.211
DDD_10_shape,14.666290,-17.438710,64,2.213
DDD_10_shape,14.666270,-17.438810,65,2.224
DDD_10_shape,14.666260,-17.438860,66,2.230
DDD_10_shape,14.666270,-17.438910,67,2.235
DDD_10_shape,14.666290,-17.438970,68,2.242
DDD_10_shape,14.666370,-17.439240,69,2.272
DDD_10_shape,14.666480,-17.439570,70,2.310
DDD_10_shape,14.666490,-17.439600,71,2.313
DDD_10_shape,14.666680,-17.440120,72,2.373
DDD_10_shape,14.666760,-17.440370,73,2.401
DDD_10_shape,14.666780,-17.440410,74,2.406
DDD_10_shape,14.666800,-17.440480,75,2.414
DDD_10_shape,14.666950,-17.440960,76,2.468
DDD_10_shape,14.667200,-17.441700,77,2.553
DDD_10_shape,14.667410,-17.442400,78,2.632
DDD_10_shape,14.667510,-17.442670,79,2.663
DDD_10_shape,14.667610,-17.442930,80,2.693
DDD_10_shape,14.667630,-17.442990,81,2.700
DDD_10_shape,14.667650,-17.443040,82,2.705
DDD_10_shape,14.667710,-17.443110,83,2.715
DDD_10_shape,14.667770,-17.443170,84,2.725
DDD_10_shape,14.667800,-17.443200,85,2.729
DDD_10_shape,14.667840,-17.443230,86,2.735
DDD_10_shape,14.667910,-17.443280,87,2.744
DDD_10_shape,14.668020,-17.443370,88,2.760
DDD_10_shape,14.668170,-17.443480,89,2.780
DDD_10_shape,14.668230,-17.443520,90,2.788
DDD_10_shape,14.668260,-17.443550,91,2.793
DDD_10_shape,14.668330,-17.443600,92,2.802
DDD_10_shape,14.668430,-17.443700,93,2.818
DDD_10_shape,14.668870,-17.444090,94,2.882
DDD_10_shape,14.669350,-17.444540,95,2.954
DDD_10_shape,14.669740,-17.444900,96,3.013
DDD_10_shape,14.670150,-17.445290,97,3.074
DDD_10_shape,14.670490,-17.445650,98,3.129
DDD_10_shape,14.670860,-17.446040,99,3.187
DDD_10_shape,14.671180,-17.446370,100,3.238
DDD_10_shape,14.671560,-17.446770,101,3.298
DDD_10_shape,14.671730,-17.446940,102,3.324
DDD_10_shape,14.671810,-17.447020,103,3.337
DDD_10_shape,14.671950,-17.447150,104,3.358
DDD_10_shape,14.672110,-17.447320,105,3.383
DDD_10_shape,14.672220,-17.447470,106,3.403
DDD_10_shape,14.672310,-17.447600,107,3.420
DDD_10_shape,14.672400,-17.447750,108,3.439
DDD_10_shape,14.672570,-17.448060,109,3.478
DDD_10_shape,14.672760,-17.448510,110,3.531
DDD_10_shape,14.672870,-17.448700,111,3.554
DDD_10_shape,14.672980,-17.448930,112,3.582
DDD_10_shape,14.673150,-17.449280,113,3.624
DDD_10_shape,14.673230,-17.449440,114,3.644
DDD_10_shape,14.673330,-17.449630,115,3.667
DDD_10_shape,14.673480,-17.449950,116,3.705
DDD_10_shape,14.673520,-17.450040,117,3.716
DDD_10_shape,14.673580,-17.450200,118,3.734
DDD_10_shape,14.673670,-17.450420,119,3.760
DDD_10_shape,14.673780,-17.450660,120,3.788
DDD_10_shape,14.673900,-17.450930,121,3.820
DDD_10_shape,14.673960,-17.451080,122,3.838
DDD_10_shape,14.674030,-17.451270,123,3.860
DDD_10_shape,14.674190,-17.451670,124,3.906
DDD_10_shape,14.674260,-17.451860,125,3.928
DDD_10_shape,14.674320,-17.452000,126,3.945
DDD_10_shape,14.674350,-17.452070,127,3.953
DDD_10_shape,14.674410,-17.452210,128,3.969
DDD_10_shape,14.674460,-17.452340,129,3.984
DDD_10_shape,14.674520,-17.452450,130,3.998
DDD_10_shape,14.674590,-17.452560,131,4.012
DDD_10_shape,14.674650,-17.452650,132,4.024
DDD_10_shape,14.674690,-17.452700,133,4.031
DDD_10_shape,14.674760,-17.452780,134,4.042
DDD_10_shape,14.674820,-17.452830,135,4.051
DDD_10_shape,14.674900,-17.452900,136,4.063
DDD_10_shape,14.675020,-17.453000,137,4.080
DDD_10_shape,14.675320,-17.453250,138,4.123
DDD_10_shape,14.675500,-17.453410,139,4.149
DDD_10_shape,14.675880,-17.453730,140,4.204
DDD_10_shape,14.675920,-17.453680,141,4.211
DDD_10_shape,14.676170,-17.453410,142,4.251
DDD_10_shape,14.676860,-17.454130,143,4.360
DDD_10_shape,14.676560,-17.454440,144,4.407
DDD_10_shape,14.676540,-17.454500,145,4.414
DDD_10_shape,14.676540,-17.454550,146,4.419
DDD_10_shape,14.676560,-17.454610,147,4.426
DDD_10_shape,14.676580,-17.454650,148,4.431
DDD_10_shape,14.677160,-17.455260,149,4.523
DDD_10_shape,14.677510,-17.455630,150,4.578
DDD_10_shape,14.677850,-17.455990,151,4.633
DDD_10_shape,14.678070,-17.456200,152,4.666
DDD_10_shape,14.678420,-17.456580,153,4.722
DDD_10_shape,14.678640,-17.456810,154,4.757
DDD_10_shape,14.678730,-17.456910,155,4.772
DDD_10_shape,14.678710,-17.456940,156,4.776
DDD_10_shape,14.678310,-17.457510,157,4.851
DDD_10_shape,14.678190,-17.457670,158,4.873
DDD_10_shape,14.678050,-17.457890,159,4.902
DDD_10_shape,14.677980,-17.458000,160,4.916
DDD_10_shape,14.677960,-17.458040,161,4.921
DDD_10_shape,14.677950,-17.458110,162,4.928
DDD_10_shape,14.677940,-17.458130,163,4.931
DDD_10_shape,14.677920,-17.458150,164,4.934
DDD_10_shape,14.678310,-17.458610,165,5.000
DDD_10_shape,14.678640,-17.458980,166,5.054
DDD_10_shape,14.678730,-17.459080,167,5.068
DDD_10_shape,14.679000,-17.459380,168,5.112
DDD_10_shape,14.679060,-17.459460,169,5.123
DDD_10_shape,14.679230,-17.459650,170,5.151
DDD_10_shape,14.679310,-17.459760,171,5.166
DDD_10_shape,14.679380,-17.459860,172,5.179
DDD_10_shape,14.679460,-17.459990,173,5.196
DDD_10_shape,14.679540,-17.460170,174,5.217
DDD_10_shape,14.679620,-17.460440,175,5.247
DDD_10_shape,14.679640,-17.460510,176,5.255
DDD_10_shape,14.679660,-17.460600,177,5.265
DDD_10_shape,14.679680,-17.460760,178,5.283
DDD_10_shape,14.679680,-17.460880,179,5.296
DDD_10_shape,14.679680,-17.460930,180,5.301
DDD_10_shape,14.679700,-17.461230,181,5.333
DDD_10_shape,14.679690,-17.461700,182,5.384
DDD_10_shape,14.679690,-17.461810,183,5.396
DDD_10_shape,14.679550,-17.461850,184,5.412
DDD_10_shape,14.679530,-17.461860,185,5.414
DDD_10_shape,14.679520,-17.461880,186,5.417
DDD_10_shape,14.679400,-17.462060,187,5.440
DDD_10_shape,14.679330,-17.462160,188,5.453
DDD_10_shape,14.679250,-17.462240,189,5.466
DDD_10_shape,14.678870,-17.462610,190,5.524
DDD_10_shape,14.678670,-17.462810,191,5.555
DDD_10_shape,14.678410,-17.463070,192,5.595
DDD_10_shape,14.678130,-17.463330,193,5.637
DDD_10_shape,14.677990,-17.463510,194,5.662
DDD_10_shape,14.677830,-17.463770,195,5.695
DDD_10_shape,14.677790,-17.463830,196,5.703
DDD_10_shape,14.677780,-17.463870,197,5.707
DDD_10_shape,14.677790,-17.463900,198,5.711
DDD_10_shape,14.677800,-17.463920,199,5.713
DDD_10_shape,14.678180,-17.464100,200,5.760
DDD_10_shape,14.678110,-17.464200,201,5.773
DDD_10_shape,14.678060,-17.464260,202,5.781
DDD_10_shape,14.678030,-17.464320,203,5.789
DDD_10_shape,14.678020,-17.464380,204,5.795
DDD_10_shape,14.678010,-17.464430,205,5.801
DDD_10_shape,14.678000,-17.464490,206,5.807
DDD_10_shape,14.677990,-17.464560,207,5.815
DDD_10_shape,14.677990,-17.465020,208,5.864
DDD_10_shape,14.677520,-17.465020,209,5.917
DDD_10_shape,14.677520,-17.465310,210,5.948
DDD_10_shape,14.677530,-17.465550,211,5.974
DDD_10_shape,14.677530,-17.465610,212,5.980
DDD_10_shape,14.677540,-17.466220,213,6.046
DDD_10_shape,14.677550,-17.466440,214,6.069
DDD_10_shape,14.677570,-17.466590,215,6.086
DDD_10_shape,14.677600,-17.466740,216,6.102
DDD_10_shape,14.677660,-17.466900,217,6.121
DDD_10_shape,14.677720,-17.467050,218,6.138
DDD_10_shape,14.677770,-17.467160,219,6.151
DDD_10_shape,14.677840,-17.467270,220,6.165
DDD_10_shape,14.677950,-17.467420,221,6.185
DDD_10_shape,14.678050,-17.467550,222,6.203
DDD_10_shape,14.678150,-17.467650,223,6.219
DDD_10_shape,14.678290,-17.467770,224,6.239
DDD_10_shape,14.678420,-17.467850,225,6.256
DDD_10_shape,14.678620,-17.467960,226,6.281
DDD_10_shape,14.678820,-17.468040,227,6.305
DDD_10_shape,14.679320,-17.468250,228,6.365
DDD_10_shape,14.679540,-17.468340,229,6.391
DDD_10_shape,14.680170,-17.468590,230,6.466
DDD_10_shape,14.680330,-17.468640,231,6.485
DDD_10_shape,14.680490,-17.468690,232,6.503
DDD_10_shape,14.680660,-17.468720,233,6.523
DDD_10_shape,14.680850,-17.468740,234,6.544
DDD_10_shape,14.681090,-17.468740,235,6.571
DDD_10_shape,14.681380,-17.468720,236,6.603
DDD_10_shape,14.681510,-17.468700,237,6.617
DDD_10_shape,14.681770,-17.468650,238,6.647
DDD_10_shape,14.682790,-17.468410,239,6.763
DDD_10_shape,14.683230,-17.468340,240,6.813
DDD_10_shape,14.683400,-17.468340,241,6.832
DDD_10_shape,14.683590,-17.468360,242,6.853
DDD_10_shape,14.683780,-17.468400,243,6.874
DDD_10_shape,14.683920,-17.468440,244,6.891
DDD_10_shape,14.684110,-17.468500,245,6.913
DDD_10_shape,14.684240,-17.468540,246,6.928
DDD_10_shape,14.684640,-17.468670,247,6.974
DDD_10_shape,14.685150,-17.468840,248,7.034
DDD_10_shape,14.685300,-17.468870,249,7.051
DDD_10_shape,14.685370,-17.468890,250,7.059
DDD_10_shape,14.685400,-17.468870,251,7.063
DDD_10_shape,14.685440,-17.468870,252,7.067
DDD_10_shape,14.685480,-17.468870,253,7.072
DDD_10_shape,14.685510,-17.468890,254,7.076
DDD_10_shape,14.685540,-17.468910,255,7.080
DDD_10_shape,14.685560,-17.468930,256,7.083
DDD_10_shape,14.685570,-17.468970,257,7.087
DDD_10_shape,14.685650,-17.469010,258,7.097
DDD_10_shape,14.685710,-17.469030,259,7.104
DDD_10_shape,14.685840,-17.469080,260,7.120
DDD_10_shape,14.686020,-17.469140,261,7.141
DDD_10_shape,14.686230,-17.469210,262,7.165
DDD_10_shape,14.686500,-17.469310,263,7.197
DDD_10_shape,14.686650,-17.469370,264,7.215
DDD_10_shape,14.686780,-17.469440,265,7.231
DDD_10_shape,14.686870,-17.469500,266,7.243
DDD_10_shape,14.686980,-17.469580,267,7.258
DDD_10_shape,14.687110,-17.469680,268,7.276
DDD_10_shape,14.687210,-17.469770,269,7.291
DDD_10_shape,14.687230,-17.469800,270,7.295
DDD_10_shape,14.687310,-17.469890,271,7.308
DDD_10_shape,14.687410,-17.470030,272,7.327
DDD_10_shape,14.687490,-17.470160,273,7.343
DDD_10_shape,14.687540,-17.470250,274,7.354
DDD_10_shape,14.687560,-17.470310,275,7.361
DDD_10_shape,14.687620,-17.470450,276,7.378
DDD_10_shape,14.687670,-17.470620,277,7.397
DDD_10_shape,14.687720,-17.470790,278,7.416
DDD_10_shape,14.687810,-17.471110,279,7.452
DDD_10_shape,14.687910,-17.471470,280,7.492
DDD_10_shape,14.687930,-17.471510,281,7.497
DDD_10_shape,14.687980,-17.471640,282,7.512
DDD_10_shape,14.688050,-17.471810,283,7.532
DDD_10_shape,14.688130,-17.471960,284,7.550
DDD_10_shape,14.688210,-17.472090,285,7.567
DDD_10_shape,14.688320,-17.472260,286,7.589
DDD_10_shape,14.688460,-17.472430,287,7.613
DDD_10_shape,14.688630,-17.472610,288,7.640
DDD_10_shape,14.688720,-17.472700,289,7.654
DDD_10_shape,14.688810,-17.472800,290,7.669
DDD_10_shape,14.688990,-17.472970,291,7.696
DDD_10_shape,14.689060,-17.473040,292,7.706
DDD_10_shape,14.689180,-17.473140,293,7.724
DDD_10_shape,14.689360,-17.473270,294,7.748
DDD_10_shape,14.689520,-17.473360,295,7.768
DDD_10_shape,14.689740,-17.473470,296,7.795
DDD_10_shape,14.689950,-17.473540,297,7.820
DDD_10_shape,14.690310,-17.473650,298,7.862
DDD_10_shape,14.690450,-17.473680,299,7.878
DDD_10_shape,14.690820,-17.473780,300,7.920
DDD_10_shape,14.691380,-17.473930,301,7.984
DDD_10_shape,14.691530,-17.473950,302,8.001
DDD_10_shape,14.691650,-17.473970,303,8.015
DDD_10_shape,14.691760,-17.473980,304,8.027
DDD_10_shape,14.691820,-17.473990,305,8.034
DDD_10_shape,14.691840,-17.473990,306,8.036
DDD_10_shape,14.691860,-17.473980,307,8.039
DDD_10_shape,14.691870,-17.473960,308,8.041
DDD_10_shape,14.691880,-17.473920,309,8.045
DDD_10_shape,14.691880,-17.473890,310,8.049
DDD_10_shape,14.691890,-17.473860,311,8.052
DDD_10_shape,14.691900,-17.473820,312,8.056
DDD_10_shape,14.691920,-17.473770,313,8.062
DDD_10_shape,14.691940,-17.473750,314,8.065
DDD_10_shape,14.691970,-17.473710,315,8.071
DDD_10_shape,14.692100,-17.473600,316,8.090
DDD_10_shape,14.692130,-17.473540,317,8.097
DDD_10_shape,14.692160,-17.473440,318,8.108
DDD_10_shape,14.692380,-17.472840,319,8.177
DDD_10_shape,14.692490,-17.472530,320,8.213
DDD_10_shape,14.692600,-17.472240,321,8.246
DDD_10_shape,14.692780,-17.471720,322,8.305
DDD_10_shape,14.692850,-17.471510,323,8.329
DDD_10_shape,14.693460,-17.469900,324,8.515
DDD_10_shape,14.693640,-17.469400,325,8.573
DDD_10_shape,14.693850,-17.468830,326,8.638
DDD_10_shape,14.693980,-17.468460,327,8.681
DDD_10_shape,14.694020,-17.468300,328,8.698
DDD_10_shape,14.694030,-17.468280,329,8.701
DDD_10_shape,14.694050,-17.468270,330,8.703
DDD_10_shape,14.694080,-17.468240,331,8.708
DDD_10_shape,14.694470,-17.467900,332,8.765
DDD_10_shape,14.694560,-17.467810,333,8.779
DDD_10_shape,14.694720,-17.467670,334,8.802
DDD_10_shape,14.694840,-17.467560,335,8.820
DDD_10_shape,14.695270,-17.467180,336,8.883
DDD_10_shape,14.695750,-17.466740,337,8.954
DDD_10_shape,14.695860,-17.466640,338,8.970
DDD_10_shape,14.695910,-17.466600,339,8.977
DDD_10_shape,14.696300,-17.466300,340,9.031
DDD_10_shape,14.696350,-17.466260,341,9.038
DDD_10_shape,14.696500,-17.466160,342,9.058
DDD_10_shape,14.696580,-17.466110,343,9.069
DDD_10_shape,14.696600,-17.466090,344,9.072
DDD_10_shape,14.696720,-17.466240,345,9.093
DDD_10_shape,14.696790,-17.466320,346,9.104
DDD_10_shape,14.696910,-17.466470,347,9.125
DDD_10_shape,14.697020,-17.466610,348,9.145
DDD_10_shape,14.697050,-17.466620,349,9.148
DDD_10_shape,14.697090,-17.466640,350,9.153
DDD_10_shape,14.697120,-17.466670,351,9.158
DDD_10_shape,14.697150,-17.466700,352,9.162
DDD_10_shape,14.697350,-17.466910,353,9.194
DDD_10_shape,14.697540,-17.467110,354,9.224
DDD_10_shape,14.697710,-17.467280,355,9.251
DDD_10_shape,14.697810,-17.467380,356,9.266
DDD_10_shape,14.697930,-17.467480,357,9.283
DDD_10_shape,14.698020,-17.467550,358,9.296
DDD_10_shape,14.698120,-17.467610,359,9.308
DDD_10_shape,14.698230,-17.467680,360,9.323
DDD_10_shape,14.698440,-17.467760,361,9.348
DDD_10_shape,14.698500,-17.467790,362,9.355
DDD_10_shape,14.698550,-17.467800,363,9.361
DDD_10_shape,14.698600,-17.467810,364,9.366
DDD_10_shape,14.698660,-17.467810,365,9.373
DDD_10_shape,14.698710,-17.467760,366,9.381
DDD_10_shape,14.698740,-17.467730,367,9.386
DDD_10_shape,14.698780,-17.467710,368,9.390
DDD_10_shape,14.698820,-17.467690,369,9.395
DDD_10_shape,14.698870,-17.467680,370,9.401
DDD_10_shape,14.698910,-17.467670,371,9.406
DDD_10_shape,14.699010,-17.467640,372,9.417
DDD_10_shape,14.699050,-17.467620,373,9.422
DDD_10_shape,14.699080,-17.467590,374,9.427
DDD_10_shape,14.699110,-17.467560,375,9.431
DDD_10_shape,14.699140,-17.467520,376,9.437
DDD_10_shape,14.699170,-17.467450,377,9.445
DDD_10_shape,14.699200,-17.467380,378,9.453
DDD_10_shape,14.699210,-17.467340,379,9.458
DDD_10_shape,14.699230,-17.467270,380,9.466
DDD_10_shape,14.699240,-17.467210,381,9.472
DDD_10_shape,14.699230,-17.467200,382,9.474
DDD_10_shape,14.699230,-17.467190,383,9.475
DDD_10_shape,14.699220,-17.467170,384,9.477
DDD_10_shape,14.699220,-17.467150,385,9.479
DDD_10_shape,14.699230,-17.467130,386,9.482
DDD_10_shape,14.699240,-17.467110,387,9.484
DDD_10_shape,14.699250,-17.467100,388,9.486
DDD_10_shape,14.699270,-17.467090,389,9.488
DDD_10_shape,14.699280,-17.467080,390,9.490
DDD_10_shape,14.699330,-17.467050,391,9.496
DDD_10_shape,14.699360,-17.467020,392,9.501
DDD_10_shape,14.699440,-17.466950,393,9.513
DDD_10_shape,14.699530,-17.466890,394,9.524
DDD_10_shape,14.700080,-17.466380,395,9.607
DDD_10_shape,14.700510,-17.465990,396,9.670
DDD_10_shape,14.700650,-17.465860,397,9.691
DDD_10_shape,14.700800,-17.465740,398,9.712
DDD_10_shape,14.701670,-17.464990,399,9.838
DDD_10_shape,14.702250,-17.464470,400,9.924
DDD_10_shape,14.702840,-17.463950,401,10.010
DDD_10_shape,14.703470,-17.463390,402,10.102
DDD_10_shape,14.703580,-17.463290,403,10.118
DDD_10_shape,14.703920,-17.462980,404,10.169
DDD_10_shape,14.704080,-17.462840,405,10.192
DDD_10_shape,14.704350,-17.462600,406,10.232
DDD_10_shape,14.705070,-17.461950,407,10.338
DDD_10_shape,14.705150,-17.461880,408,10.350
DDD_10_shape,14.705260,-17.461780,409,10.366
DDD_10_shape,14.706070,-17.461060,410,10.485
DDD_10_shape,14.707090,-17.460190,411,10.632
DDD_10_shape,14.706990,-17.460110,412,10.646
DDD_10_shape,14.706860,-17.460190,413,10.663
DDD_10_shape,14.705740,-17.461180,414,10.827
DDD_10_shape,14.705090,-17.461770,415,10.923
DDD_10_shape,14.705150,-17.461880,416,10.936
DDD_10_shape,14.705260,-17.461780,417,10.953
DDD_10_shape,14.706070,-17.461060,418,11.071
DDD_10_shape,14.707090,-17.460190,419,11.218
DDD_10_shape,14.707170,-17.460110,420,11.231
DDD_10_shape,14.707250,-17.460050,421,11.242
DDD_10_shape,14.707630,-17.459700,422,11.298
DDD_10_shape,14.707740,-17.459600,423,11.315
DDD_10_shape,14.708020,-17.459350,424,11.356
DDD_10_shape,14.708950,-17.458500,425,11.494
DDD_10_shape,14.709310,-17.458180,426,11.547
DDD_10_shape,14.709840,-17.458640,427,11.624
DDD_10_shape,14.710440,-17.459150,428,11.710
DDD_10_shape,14.710710,-17.459380,429,11.749
DDD_10_shape,14.711400,-17.459960,430,11.848
DDD_10_shape,14.711480,-17.460040,431,11.860
DDD_10_shape,14.712590,-17.460960,432,12.018
DDD_10_shape,14.713050,-17.461360,433,12.085
DDD_10_shape,14.713120,-17.461420,434,12.095
DDD_10_shape,14.713520,-17.461770,435,12.153
DDD_10_shape,14.713890,-17.461440,436,12.208
DDD_10_shape,14.713960,-17.461380,437,12.218
DDD_10_shape,14.714360,-17.461020,438,12.277
DDD_10_shape,14.714550,-17.460860,439,12.304
DDD_10_shape,14.714760,-17.460660,440,12.336
DDD_10_shape,14.714980,-17.460470,441,12.368
DDD_10_shape,14.715280,-17.460200,442,12.412
DDD_10_shape,14.715480,-17.460020,443,12.441
DDD_10_shape,14.715680,-17.459850,444,12.470
DDD_10_shape,14.715760,-17.459790,445,12.481
DDD_10_shape,14.716030,-17.459550,446,12.521
DDD_10_shape,14.716510,-17.459120,447,12.591
DDD_10_shape,14.717160,-17.458520,448,12.688
DDD_10_shape,14.717220,-17.458460,449,12.698
DDD_10_shape,14.717400,-17.458310,450,12.723
DDD_10_shape,14.717960,-17.457820,451,12.805
DDD_10_shape,14.718690,-17.457160,452,12.913
DDD_10_shape,14.718780,-17.457030,453,12.930
DDD_10_shape,14.718900,-17.456790,454,12.959
DDD_10_shape,14.718990,-17.456500,455,12.992
DDD_10_shape,14.719060,-17.456220,456,13.023
DDD_10_shape,14.719070,-17.456150,457,13.030
DDD_10_shape,14.719080,-17.456070,458,13.039
DDD_10_shape,14.719080,-17.455940,459,13.053
DDD_10_shape,14.719010,-17.455460,460,13.105
DDD_10_shape,14.719000,-17.455390,461,13.113
DDD_10_shape,14.718950,-17.455020,462,13.153
DDD_10_shape,14.718930,-17.454900,463,13.166
DDD_10_shape,14.718900,-17.454660,464,13.192
DDD_10_shape,14.718890,-17.454650,465,13.194
DDD_10_shape,14.718850,-17.454300,466,13.232
DDD_10_shape,14.718790,-17.453720,467,13.294
DDD_10_shape,14.719220,-17.453650,468,13.343
DDD_10_shape,14.719550,-17.453610,469,13.380
DDD_10_shape,14.719870,-17.453550,470,13.416
DDD_10_shape,14.719990,-17.453540,471,13.429
DDD_10_shape,14.720250,-17.453500,472,13.459
DDD_10_shape,14.720880,-17.453400,473,13.529
DDD_10_shape,14.721310,-17.453340,474,13.578
DDD_10_shape,14.721680,-17.453290,475,13.619
DDD_10_shape,14.721950,-17.453250,476,13.649
DDD_10_shape,14.722240,-17.453210,477,13.682
DDD_10_shape,14.722270,-17.453200,478,13.685
DDD_10_shape,14.722630,-17.453150,479,13.726
DDD_10_shape,14.723110,-17.453080,480,13.780
DDD_10_shape,14.723480,-17.453030,481,13.821
DDD_10_shape,14.723570,-17.453010,482,13.832
DDD_10_shape,14.723940,-17.452960,483,13.873
DDD_10_shape,14.724020,-17.452950,484,13.882
DDD_10_shape,14.724480,-17.452880,485,13.934
DDD_10_shape,14.725390,-17.452750,486,14.036
DDD_10_shape,14.725580,-17.452730,487,14.057
DDD_10_shape,14.725770,-17.452700,488,14.078
DDD_10_shape,14.725930,-17.452670,489,14.097
DDD_10_shape,14.726350,-17.452610,490,14.144
DDD_10_shape,14.726810,-17.452540,491,14.195
DDD_10_shape,14.727630,-17.452420,492,14.287
DDD_10_shape,14.727860,-17.452390,493,14.313
DDD_10_shape,14.727970,-17.452380,494,14.326
DDD_10_shape,14.727990,-17.452530,495,14.342
DDD_10_shape,14.728020,-17.452750,496,14.366
DDD_10_shape,14.728070,-17.453160,497,14.410
DDD_10_shape,14.728100,-17.453350,498,14.431
DDD_10_shape,14.728270,-17.454560,499,14.562
DDD_10_shape,14.728380,-17.455400,500,14.653
DDD_10_shape,14.728430,-17.455400,501,14.659
DDD_10_shape,14.729250,-17.455300,502,14.751
DDD_10_shape,14.729330,-17.455280,503,14.760
DDD_10_shape,14.729320,-17.455210,504,14.768
DDD_10_shape,14.729240,-17.455220,505,14.777
DDD_10_shape,14.729250,-17.455300,506,14.785
DDD_10_shape,14.728380,-17.455400,507,14.883
DDD_10_shape,14.728450,-17.455920,508,14.939
DDD_10_shape,14.728480,-17.456090,509,14.958
DDD_10_shape,14.728530,-17.456450,510,14.997
DDD_10_shape,14.728590,-17.456750,511,15.030
DDD_10_shape,14.728610,-17.456830,512,15.039
DDD_10_shape,14.728640,-17.456890,513,15.046
DDD_10_shape,14.728660,-17.456920,514,15.050
DDD_10_shape,14.728710,-17.456980,515,15.058
DDD_10_shape,14.728760,-17.457010,516,15.065
DDD_10_shape,14.728790,-17.457030,517,15.069
DDD_10_shape,14.728810,-17.457040,518,15.071
DDD_10_shape,14.728830,-17.457070,519,15.075
DDD_10_shape,14.728850,-17.457090,520,15.078
DDD_10_shape,14.728860,-17.457120,521,15.082
DDD_10_shape,14.728870,-17.457160,522,15.086
DDD_10_shape,14.728880,-17.457190,523,15.089
DDD_10_shape,14.728880,-17.457230,524,15.094
DDD_10_shape,14.728880,-17.457240,525,15.095
DDD_10_shape,14.728880,-17.457270,526,15.098
DDD_10_shape,14.728880,-17.457300,527,15.101
DDD_10_shape,14.728860,-17.457330,528,15.105
DDD_10_shape,14.728850,-17.457360,529,15.109
DDD_10_shape,14.728840,-17.457380,530,15.111
DDD_10_shape,14.728810,-17.457420,531,15.116
DDD_10_shape,14.728790,-17.457440,532,15.120
DDD_10_shape,14.728760,-17.457460,533,15.123
DDD_10_shape,14.728730,-17.457480,534,15.127
DDD_10_shape,14.728700,-17.457490,535,15.131
DDD_10_shape,14.728680,-17.457500,536,15.133
DDD_10_shape,14.728650,-17.457500,537,15.137
DDD_10_shape,14.728610,-17.457500,538,15.141
DDD_10_shape,14.728570,-17.457500,539,15.146
DDD_10_shape,14.728540,-17.457490,540,15.149
DDD_10_shape,14.728510,-17.457480,541,15.153
DDD_10_shape,14.728470,-17.457450,542,15.158
DDD_10_shape,14.728430,-17.457420,543,15.164
DDD_10_shape,14.728410,-17.457390,544,15.168
DDD_10_shape,14.728400,-17.457370,545,15.170
DDD_10_shape,14.728380,-17.457330,546,15.175
DDD_10_shape,14.728370,-17.457310,547,15.177
DDD_10_shape,14.728360,-17.457270,548,15.182
DDD_10_shape,14.728360,-17.457210,549,15.188
DDD_10_shape,14.728360,-17.457160,550,15.194
DDD_10_shape,14.728370,-17.457120,551,15.198
DDD_10_shape,14.728380,-17.457090,552,15.201
DDD_10_shape,14.728400,-17.457070,553,15.204
DDD_10_shape,14.728410,-17.457050,554,15.207
DDD_10_shape,14.728450,-17.456980,555,15.216
DDD_10_shape,14.728470,-17.456940,556,15.221
DDD_10_shape,14.728470,-17.456890,557,15.226
DDD_10_shape,14.728470,-17.456840,558,15.231
DDD_10_shape,14.728460,-17.456800,559,15.236
DDD_10_shape,14.728420,-17.456560,560,15.262
DDD_10_shape,14.728410,-17.456470,561,15.272
DDD_10_shape,14.728290,-17.456490,562,15.285
DDD_10_shape,14.727780,-17.456560,563,15.342
DDD_10_shape,14.727250,-17.456640,564,15.402
DDD_10_shape,14.727240,-17.456640,565,15.403
DDD_10_shape,14.726910,-17.456690,566,15.440
DDD_10_shape,14.726370,-17.456770,567,15.501
DDD_10_shape,14.726160,-17.456800,568,15.524
DDD_10_shape,14.726050,-17.456810,569,15.537
DDD_10_shape,14.725960,-17.456830,570,15.547
DDD_10_shape,14.725870,-17.456840,571,15.557
DDD_10_shape,14.725620,-17.456880,572,15.585
DDD_10_shape,14.725310,-17.456920,573,15.620
DDD_10_shape,14.725120,-17.456950,574,15.641
DDD_10_shape,14.725050,-17.456960,575,15.649
DDD_10_shape,14.724610,-17.457020,576,15.698
DDD_10_shape,14.724600,-17.457020,577,15.699
DDD_23_shape,14.650970,-17.433430,1,0.000
DDD_23_shape,14.650850,-17.433770,2,0.039
DDD_23_shape,14.651120,-17.433860,3,0.070
DDD_23_shape,14.651660,-17.434050,4,0.134
DDD_23_shape,14.651730,-17.434070,5,0.142
DDD_23_shape,14.651810,-17.434090,6,0.151
DDD_23_shape,14.651890,-17.434090,7,0.160
DDD_23_shape,14.651960,-17.434060,8,0.168
DDD_23_shape,14.652050,-17.434030,9,0.179
DDD_23_shape,14.652610,-17.433780,10,0.247
DDD_23_shape,14.652740,-17.433730,11,0.262
DDD_23_shape,14.652860,-17.433690,12,0.276
DDD_23_shape,14.652940,-17.433680,13,0.285
DDD_23_shape,14.653100,-17.433680,14,0.303
DDD_23_shape,14.652740,-17.433550,15,0.345
DDD_23_shape,14.652770,-17.433560,16,0.349
DDD_23_shape,14.653100,-17.433680,17,0.388
DDD_23_shape,14.653320,-17.433720,18,0.413
DDD_23_shape,14.654140,-17.434020,19,0.509
DDD_23_shape,14.654210,-17.434030,20,0.517
DDD_23_shape,14.654370,-17.434090,21,0.536
DDD_23_shape,14.654600,-17.434180,22,0.563
DDD_23_shape,14.654650,-17.434240,23,0.572
DDD_23_shape,14.656080,-17.434780,24,0.741
DDD_23_shape,14.657270,-17.435250,25,0.883
DDD_23_shape,14.657410,-17.435300,26,0.899
DDD_23_shape,14.657730,-17.435430,27,0.938
DDD_23_shape,14.658920,-17.435910,28,1.080
DDD_23_shape,14.659320,-17.436070,29,1.127
DDD_23_shape,14.659520,-17.436140,30,1.151
DDD_23_shape,14.659760,-17.436240,31,1.180
DDD_23_shape,14.660090,-17.436360,32,1.219
DDD_23_shape,14.660180,-17.436400,33,1.229
DDD_23_shape,14.660820,-17.436640,34,1.305
DDD_23_shape,14.661540,-17.436920,35,1.391
DDD_23_shape,14.661660,-17.436960,36,1.405
DDD_23_shape,14.662190,-17.437170,37,1.468
DDD_23_shape,14.662770,-17.437410,38,1.537
DDD_23_shape,14.662790,-17.437380,39,1.541
DDD_23_shape,14.662810,-17.437340,40,1.546
DDD_23_shape,14.662840,-17.437320,41,1.550
DDD_23_shape,14.662870,-17.437300,42,1.554
DDD_23_shape,14.662910,-17.437280,43,1.559
DDD_23_shape,14.662950,-17.437280,44,1.563
DDD_23_shape,14.662900,-17.437130,45,1.580
DDD_23_shape,14.662830,-17.436730,46,1.624
DDD_23_shape,14.662700,-17.436090,47,1.695
DDD_23_shape,14.662640,-17.435740,48,1.733
DDD_23_shape,14.662590,-17.435480,49,1.761
DDD_23_shape,14.662530,-17.435160,50,1.796
DDD_23_shape,14.662450,-17.434730,51,1.843
DDD_23_shape,14.663870,-17.434820,52,2.002
DDD_23_shape,14.664570,-17.434860,53,2.080
DDD_23_shape,14.664980,-17.434890,54,2.125
DDD_23_shape,14.665170,-17.435480,55,2.192
DDD_23_shape,14.665230,-17.435650,56,2.212
DDD_23_shape,14.665670,-17.436980,57,2.363
DDD_23_shape,14.666330,-17.437020,58,2.436
DDD_23_shape,14.666880,-17.437070,59,2.498
DDD_23_shape,14.666990,-17.437080,60,2.510
DDD_23_shape,14.667620,-17.437150,61,2.580
DDD_23_shape,14.668270,-17.437210,62,2.653
DDD_23_shape,14.669010,-17.437280,63,2.736
DDD_23_shape,14.669220,-17.437300,64,2.759
DDD_23_shape,14.669290,-17.437300,65,2.767
DDD_23_shape,14.669360,-17.437390,66,2.779
DDD_23_shape,14.669410,-17.437460,67,2.789
DDD_23_shape,14.669500,-17.437570,68,2.804
DDD_23_shape,14.669540,-17.437620,69,2.811
DDD_23_shape,14.669800,-17.437930,70,2.855
DDD_23_shape,14.670300,-17.438580,71,2.945
DDD_23_shape,14.670840,-17.439250,72,3.038
DDD_23_shape,14.671150,-17.439660,73,3.094
DDD_23_shape,14.671450,-17.440100,74,3.152
DDD_23_shape,14.671440,-17.440150,75,3.158
DDD_23_shape,14.671430,-17.440200,76,3.163
DDD_23_shape,14.671570,-17.440380,77,3.188
DDD_23_shape,14.671620,-17.440430,78,3.196
DDD_23_shape,14.671640,-17.440440,79,3.198
DDD_23_shape,14.671690,-17.440480,80,3.205
DDD_23_shape,14.671790,-17.440530,81,3.218
DDD_23_shape,14.671850,-17.440620,82,3.230
DDD_23_shape,14.671980,-17.440790,83,3.253
DDD_23_shape,14.672120,-17.441000,84,3.280
DDD_23_shape,14.672200,-17.441110,85,3.295
DDD_23_shape,14.672320,-17.441230,86,3.314
DDD_23_shape,14.672500,-17.441430,87,3.343
DDD_23_shape,14.672740,-17.441690,88,3.382
DDD_23_shape,14.672870,-17.441840,89,3.403
DDD_23_shape,14.672920,-17.441890,90,3.411
DDD_23_shape,14.673020,-17.441990,91,3.427
DDD_23_shape,14.673150,-17.442090,92,3.445
DDD_23_shape,14.673320,-17.442200,93,3.467
DDD_23_shape,14.673990,-17.442540,94,3.550
DDD_23_shape,14.674190,-17.442690,95,3.577
DDD_23_shape,14.674430,-17.442860,96,3.610
DDD_23_shape,14.674550,-17.442980,97,3.628
DDD_23_shape,14.674650,-17.443060,98,3.642
DDD_23_shape,14.674950,-17.443340,99,3.687
DDD_23_shape,14.675180,-17.443570,100,3.723
DDD_23_shape,14.675600,-17.444040,101,3.792
DDD_23_shape,14.675890,-17.444350,102,3.838
DDD_23_shape,14.676570,-17.445080,103,3.947
DDD_23_shape,14.676690,-17.445220,104,3.967
DDD_23_shape,14.676840,-17.445360,105,3.990
DDD_23_shape,14.676920,-17.445440,106,4.002
DDD_23_shape,14.676980,-17.445480,107,4.010
DDD_23_shape,14.677030,-17.445520,108,4.017
DDD_23_shape,14.677110,-17.445580,109,4.028
DDD_23_shape,14.677130,-17.445600,110,4.031
DDD_23_shape,14.677180,-17.445650,111,4.039
DDD_23_shape,14.677200,-17.445640,112,4.041
DDD_23_shape,14.677230,-17.445640,113,4.045
DDD_23_shape,14.677270,-17.445650,114,4.049
DDD_23_shape,14.677300,-17.445670,115,4.053
DDD_23_shape,14.677330,-17.445700,116,4.058
DDD_23_shape,14.677340,-17.445740,117,4.062
DDD_23_shape,14.677350,-17.445760,118,4.065
DDD_23_shape,14.677340,-17.445800,119,4.069
DDD_23_shape,14.677330,-17.445840,120,4.074
DDD_23_shape,14.677300,-17.445870,121,4.078
DDD_23_shape,14.677270,-17.445890,122,4.082
DDD_23_shape,14.677210,-17.445890,123,4.089
DDD_23_shape,14.677150,-17.445910,124,4.096
DDD_23_shape,14.677110,-17.445920,125,4.100
DDD_23_shape,14.677080,-17.445930,126,4.104
DDD_23_shape,14.677040,-17.445940,127,4.109
DDD_23_shape,14.677040,-17.445950,128,4.110
DDD_23_shape,14.676840,-17.446180,129,4.143
DDD_23_shape,14.676500,-17.446560,130,4.199
DDD_23_shape,14.676240,-17.446870,131,4.243
DDD_23_shape,14.675770,-17.447400,132,4.320
DDD_23_shape,14.675500,-17.447730,133,4.366
DDD_23_shape,14.675060,-17.448250,134,4.441
DDD_23_shape,14.674690,-17.448680,135,4.503
DDD_23_shape,14.674360,-17.449080,136,4.559
DDD_23_shape,14.674340,-17.449110,137,4.563
DDD_23_shape,14.674360,-17.449120,138,4.566
DDD_23_shape,14.674630,-17.449410,139,4.609
DDD_23_shape,14.674850,-17.449630,140,4.643
DDD_23_shape,14.674990,-17.449780,141,4.665
DDD_23_shape,14.675000,-17.449780,142,4.667
DDD_23_shape,14.675200,-17.449990,143,4.698
DDD_23_shape,14.675550,-17.450360,144,4.754
DDD_23_shape,14.675900,-17.450730,145,4.810
DDD_23_shape,14.676230,-17.451080,146,4.862
DDD_23_shape,14.676590,-17.451460,147,4.919
DDD_23_shape,14.676720,-17.451600,148,4.940
DDD_23_shape,14.676780,-17.451660,149,4.949
DDD_23_shape,14.676980,-17.451870,150,4.981
DDD_23_shape,14.677330,-17.452230,151,5.036
DDD_23_shape,14.677680,-17.452600,152,5.092
DDD_23_shape,14.678030,-17.452970,153,5.147
DDD_23_shape,14.678720,-17.453690,154,5.256
DDD_23_shape,14.678880,-17.453870,155,5.283
DDD_23_shape,14.679070,-17.454060,156,5.312
DDD_23_shape,14.679400,-17.454410,157,5.365
DDD_23_shape,14.679910,-17.454940,158,5.445
DDD_23_shape,14.680270,-17.455320,159,5.502
DDD_23_shape,14.680360,-17.455420,160,5.517
DDD_23_shape,14.680990,-17.455110,161,5.595
DDD_23_shape,14.681030,-17.455090,162,5.600
DDD_23_shape,14.681650,-17.454800,163,5.675
DDD_23_shape,14.681930,-17.454680,164,5.709
DDD_23_shape,14.683000,-17.454150,165,5.841
DDD_23_shape,14.683740,-17.453780,166,5.932
DDD_23_shape,14.684350,-17.453510,167,6.006
DDD_23_shape,14.684390,-17.453450,168,6.014
DDD_23_shape,14.684410,-17.453430,169,6.017
DDD_23_shape,14.684440,-17.453410,170,6.021
DDD_23_shape,14.684460,-17.453390,171,6.024
DDD_23_shape,14.684500,-17.453380,172,6.029
DDD_23_shape,14.684520,-17.453380,173,6.031
DDD_23_shape,14.684540,-17.453370,174,6.033
DDD_23_shape,14.684560,-17.453370,175,6.036
DDD_23_shape,14.684600,-17.453380,176,6.040
DDD_23_shape,14.684630,-17.453380,177,6.043
DDD_23_shape,14.684660,-17.453400,178,6.047
DDD_23_shape,14.684690,-17.453420,179,6.051
DDD_23_shape,14.684710,-17.453440,180,6.054
DDD_23_shape,14.684740,-17.453460,181,6.058
DDD_23_shape,14.684750,-17.453490,182,6.062
DDD_23_shape,14.684770,-17.453530,183,6.067
DDD_23_shape,14.684780,-17.453570,184,6.071
DDD_23_shape,14.684780,-17.453610,185,6.075
DDD_23_shape,14.684780,-17.453660,186,6.081
DDD_23_shape,14.685000,-17.453800,187,6.110
DDD_23_shape,14.685270,-17.454020,188,6.148
DDD_23_shape,14.685420,-17.454160,189,6.170
DDD_23_shape,14.685560,-17.454320,190,6.193
DDD_23_shape,14.685590,-17.454350,191,6.198
DDD_23_shape,14.685790,-17.454550,192,6.229
DDD_23_shape,14.686060,-17.454840,193,6.272
DDD_23_shape,14.686250,-17.455050,194,6.303
DDD_23_shape,14.686420,-17.455240,195,6.331
DDD_23_shape,14.686590,-17.455450,196,6.361
DDD_23_shape,14.686840,-17.455760,197,6.404
DDD_23_shape,14.687020,-17.455990,198,6.436
DDD_23_shape,14.687120,-17.456100,199,6.452
DDD_23_shape,14.687370,-17.456400,200,6.495
DDD_23_shape,14.687480,-17.456510,201,6.512
DDD_23_shape,14.687580,-17.456610,202,6.527
DDD_23_shape,14.687690,-17.456700,203,6.543
DDD_23_shape,14.687810,-17.456790,204,6.559
DDD_23_shape,14.688040,-17.456930,205,6.589
DDD_23_shape,14.688100,-17.456970,206,6.597
DDD_23_shape,14.689180,-17.457650,207,6.737
DDD_23_shape,14.689560,-17.457900,208,6.787
DDD_23_shape,14.689660,-17.457960,209,6.800
DDD_23_shape,14.689750,-17.458030,210,6.813
DDD_23_shape,14.689840,-17.458110,211,6.826
DDD_23_shape,14.689960,-17.458220,212,6.844
DDD_23_shape,14.690010,-17.458270,213,6.852
DDD_23_shape,14.690060,-17.458320,214,6.859
DDD_23_shape,14.690300,-17.458600,215,6.900
DDD_23_shape,14.690390,-17.458710,216,6.915
DDD_23_shape,14.690650,-17.459020,217,6.959
DDD_23_shape,14.690910,-17.459320,218,7.003
DDD_23_shape,14.691130,-17.459600,219,7.041
DDD_23_shape,14.691290,-17.459800,220,7.069
DDD_23_shape,14.691770,-17.460360,221,7.150
DDD_23_shape,14.692080,-17.460780,222,7.207
DDD_23_shape,14.692470,-17.461320,223,7.279
DDD_23_shape,14.692530,-17.461380,224,7.288
DDD_23_shape,14.692570,-17.461430,225,7.295
DDD_23_shape,14.692620,-17.461450,226,7.301
DDD_23_shape,14.692690,-17.461500,227,7.311
DDD_23_shape,14.692720,-17.461500,228,7.314
DDD_23_shape,14.692750,-17.461510,229,7.318
DDD_23_shape,14.692770,-17.461520,230,7.320
DDD_23_shape,14.692790,-17.461530,231,7.323
DDD_23_shape,14.692810,-17.461550,232,7.326
DDD_23_shape,14.692820,-17.461570,233,7.328
DDD_23_shape,14.692830,-17.461600,234,7.331
DDD_23_shape,14.692840,-17.461620,235,7.334
DDD_23_shape,14.692870,-17.461720,236,7.345
DDD_23_shape,14.692890,-17.461770,237,7.351
DDD_23_shape,14.692920,-17.461810,238,7.356
DDD_23_shape,14.692980,-17.461880,239,7.366
DDD_23_shape,14.693040,-17.461930,240,7.375
DDD_23_shape,14.693080,-17.461970,241,7.381
DDD_23_shape,14.693200,-17.462110,242,7.401
DDD_23_shape,14.693540,-17.462500,243,7.458
DDD_23_shape,14.693900,-17.462940,244,7.520
DDD_23_shape,14.695950,-17.465340,245,7.864
DDD_23_shape,14.696280,-17.465750,246,7.922
DDD_23_shape,14.696500,-17.465990,247,7.957
DDD_23_shape,14.696600,-17.466090,248,7.973
DDD_23_shape,14.696720,-17.466240,249,7.994
DDD_23_shape,14.696790,-17.466320,250,8.005
DDD_23_shape,14.696910,-17.466470,251,8.026
DDD_23_shape,14.697020,-17.466610,252,8.045
DDD_23_shape,14.697050,-17.466620,253,8.049
DDD_23_shape,14.697090,-17.466640,254,8.054
DDD_23_shape,14.697120,-17.466670,255,8.059
DDD_23_shape,14.697150,-17.466700,256,8.063
DDD_23_shape,14.697350,-17.466910,257,8.095
DDD_23_shape,14.697540,-17.467110,258,8.125
DDD_23_shape,14.697670,-17.467120,259,8.140
DDD_23_shape,14.697950,-17.467140,260,8.171
DDD_23_shape,14.698070,-17.467150,261,8.184
DDD_23_shape,14.698260,-17.467160,262,8.205
DDD_23_shape,14.698930,-17.467170,263,8.280
DDD_23_shape,14.699060,-17.467140,264,8.295
DDD_23_shape,14.699140,-17.467130,265,8.304
DDD_23_shape,14.699240,-17.467110,266,8.315
DDD_23_shape,14.699250,-17.467100,267,8.316
DDD_23_shape,14.699270,-17.467090,268,8.319
DDD_23_shape,14.699280,-17.467080,269,8.320
DDD_23_shape,14.699330,-17.467050,270,8.327
DDD_23_shape,14.699360,-17.467020,271,8.332
DDD_23_shape,14.699440,-17.466950,272,8.343
DDD_23_shape,14.699530,-17.466890,273,8.355
DDD_23_shape,14.700080,-17.466380,274,8.437
DDD_23_shape,14.700510,-17.465990,275,8.501
DDD_23_shape,14.700650,-17.465860,276,8.522
DDD_23_shape,14.700800,-17.465740,277,8.543
DDD_23_shape,14.701670,-17.464990,278,8.669
DDD_23_shape,14.702250,-17.464470,279,8.754
DDD_23_shape,14.702840,-17.463950,280,8.840
DDD_23_shape,14.703470,-17.463390,281,8.933
DDD_23_shape,14.703580,-17.463290,282,8.949
DDD_23_shape,14.703920,-17.462980,283,8.999
DDD_23_shape,14.704080,-17.462840,284,9.023
DDD_23_shape,14.704350,-17.462600,285,9.062
DDD_23_shape,14.705070,-17.461950,286,9.169
DDD_23_shape,14.705150,-17.461880,287,9.180
DDD_23_shape,14.705260,-17.461780,288,9.197
DDD_23_shape,14.706070,-17.461060,289,9.315
DDD_23_shape,14.707090,-17.460190,290,9.462
DDD_23_shape,14.706990,-17.460110,291,9.476
DDD_23_shape,14.706860,-17.460190,292,9.493
DDD_23_shape,14.705740,-17.461180,293,9.657
DDD_23_shape,14.705090,-17.461770,294,9.753
DDD_23_shape,14.705150,-17.461880,295,9.767
DDD_23_shape,14.705260,-17.461780,296,9.783
DDD_23_shape,14.706070,-17.461060,297,9.902
DDD_23_shape,14.707090,-17.460190,298,10.049
DDD_23_shape,14.707170,-17.460110,299,10.061
DDD_23_shape,14.707250,-17.460050,300,10.072
DDD_23_shape,14.707630,-17.459700,301,10.129
DDD_23_shape,14.707740,-17.459600,302,10.145
DDD_23_shape,14.708020,-17.459350,303,10.186
DDD_23_shape,14.708950,-17.458500,304,10.324
DDD_23_shape,14.709310,-17.458180,305,10.377
DDD_23_shape,14.710130,-17.457480,306,10.495
DDD_23_shape,14.710170,-17.457440,307,10.502
DDD_23_shape,14.710610,-17.457060,308,10.565
DDD_23_shape,14.710870,-17.456820,309,10.604
DDD_23_shape,14.710960,-17.456740,310,10.617
DDD_23_shape,14.711220,-17.456510,311,10.655
DDD_23_shape,14.711280,-17.456450,312,10.665
DDD_23_shape,14.711310,-17.456420,313,10.669
DDD_23_shape,14.712070,-17.455730,314,10.782
DDD_23_shape,14.712090,-17.455710,315,10.785
DDD_23_shape,14.712570,-17.455280,316,10.855
DDD_23_shape,14.712630,-17.455230,317,10.864
DDD_23_shape,14.712760,-17.455130,318,10.882
DDD_23_shape,14.712810,-17.455080,319,10.890
DDD_23_shape,14.712890,-17.454990,320,10.903
DDD_23_shape,14.712960,-17.454910,321,10.915
DDD_23_shape,14.713020,-17.454850,322,10.924
DDD_23_shape,14.713000,-17.454810,323,10.929
DDD_23_shape,14.712990,-17.454770,324,10.933
DDD_23_shape,14.712980,-17.454700,325,10.941
DDD_23_shape,14.713000,-17.454630,326,10.949
DDD_23_shape,14.713020,-17.454570,327,10.955
DDD_23_shape,14.713070,-17.454520,328,10.963
DDD_23_shape,14.713120,-17.454480,329,10.970
DDD_23_shape,14.713180,-17.454450,330,10.978
DDD_23_shape,14.713240,-17.454440,331,10.984
DDD_23_shape,14.713310,-17.454450,332,10.992
DDD_23_shape,14.713370,-17.454470,333,10.999
DDD_23_shape,14.713420,-17.454510,334,11.006
DDD_23_shape,14.713590,-17.454370,335,11.030
DDD_23_shape,14.713630,-17.454350,336,11.035
DDD_23_shape,14.713690,-17.454290,337,11.045
DDD_23_shape,14.713770,-17.454230,338,11.056
DDD_23_shape,14.714010,-17.454040,339,11.089
DDD_23_shape,14.714420,-17.453710,340,11.147
DDD_23_shape,14.714500,-17.453630,341,11.159
DDD_23_shape,14.714660,-17.453480,342,11.183
DDD_23_shape,14.715080,-17.453110,343,11.245
DDD_23_shape,14.715120,-17.453080,344,11.250
DDD_23_shape,14.715270,-17.452950,345,11.272
DDD_23_shape,14.715330,-17.452900,346,11.281
DDD_23_shape,14.716380,-17.451980,347,11.434
DDD_23_shape,14.716610,-17.451750,348,11.469
DDD_23_shape,14.716910,-17.451490,349,11.513
DDD_23_shape,14.717460,-17.451030,350,11.591
DDD_23_shape,14.717590,-17.450910,351,11.611
DDD_23_shape,14.717830,-17.450710,352,11.645
DDD_23_shape,14.718060,-17.450510,353,11.678
DDD_23_shape,14.719180,-17.449520,354,11.842
DDD_23_shape,14.719240,-17.449470,355,11.851
DDD_23_shape,14.719440,-17.449310,356,11.879
DDD_23_shape,14.719930,-17.448870,357,11.951
DDD_23_shape,14.720250,-17.448590,358,11.998
DDD_23_shape,14.720280,-17.448530,359,12.005
DDD_23_shape,14.720390,-17.448440,360,12.021
DDD_23_shape,14.720420,-17.448410,361,12.025
DDD_23_shape,14.720790,-17.448090,362,12.079
DDD_23_shape,14.720870,-17.448010,363,12.091
DDD_23_shape,14.721150,-17.447760,364,12.132
DDD_23_shape,14.721320,-17.447610,365,12.157
DDD_23_shape,14.721390,-17.447550,366,12.167
DDD_23_shape,14.721420,-17.447520,367,12.172
DDD_23_shape,14.721640,-17.447340,368,12.203
DDD_23_shape,14.721840,-17.447180,369,12.231
DDD_23_shape,14.722060,-17.447000,370,12.263
DDD_23_shape,14.722120,-17.446970,371,12.270
DDD_23_shape,14.722250,-17.446850,372,12.289
DDD_23_shape,14.722360,-17.446760,373,12.305
DDD_23_shape,14.722550,-17.446630,374,12.330
DDD_23_shape,14.722670,-17.446540,375,12.347
DDD_23_shape,14.722970,-17.446380,376,12.384
DDD_23_shape,14.723280,-17.446200,377,12.424
DDD_23_shape,14.723520,-17.446060,378,12.454
DDD_23_shape,14.723740,-17.445930,379,12.483
DDD_23_shape,14.724370,-17.445570,380,12.563
DDD_23_shape,14.724700,-17.445400,381,12.604
DDD_23_shape,14.724850,-17.445320,382,12.622
DDD_23_shape,14.725300,-17.445060,383,12.680
DDD_23_shape,14.725580,-17.444900,384,12.715
DDD_23_shape,14.725990,-17.444660,385,12.768
DDD_23_shape,14.726200,-17.444540,386,12.794
DDD_23_shape,14.726420,-17.444420,387,12.822
DDD_23_shape,14.726490,-17.444350,388,12.833
DDD_23_shape,14.726560,-17.444330,389,12.841
DDD_23_shape,14.726610,-17.444320,390,12.847
DDD_23_shape,14.726660,-17.444310,391,12.852
DDD_23_shape,14.726740,-17.444300,392,12.861
DDD_23_shape,14.726840,-17.444280,393,12.873
DDD_23_shape,14.726840,-17.444310,394,12.876
DDD_23_shape,14.726850,-17.444360,395,12.881
DDD_23_shape,14.726900,-17.444750,396,12.924
DDD_23_shape,14.727000,-17.445500,397,13.005
DDD_23_shape,14.727030,-17.445710,398,13.028
DDD_23_shape,14.727080,-17.446040,399,13.064
DDD_23_shape,14.727160,-17.446560,400,13.120
DDD_23_shape,14.727250,-17.447200,401,13.190
DDD_23_shape,14.727390,-17.448220,402,13.301
DDD_23_shape,14.727440,-17.448600,403,13.342
DDD_23_shape,14.727560,-17.449470,404,13.436
DDD_23_shape,14.727610,-17.449780,405,13.470
DDD_23_shape,14.727690,-17.450380,406,13.535
DDD_23_shape,14.727700,-17.450410,407,13.539
DDD_23_shape,14.727770,-17.450970,408,13.600
DDD_23_shape,14.727890,-17.451800,409,13.690
DDD_23_shape,14.727940,-17.452200,410,13.733
DDD_23_shape,14.727970,-17.452380,411,13.753
DDD_23_shape,14.727990,-17.452530,412,13.769
DDD_23_shape,14.728020,-17.452750,413,13.793
DDD_23_shape,14.728070,-17.453160,414,13.837
DDD_23_shape,14.728100,-17.453350,415,13.858
DDD_23_shape,14.728270,-17.454560,416,13.990
DDD_23_shape,14.728380,-17.455400,417,14.081
DDD_23_shape,14.728430,-17.455400,418,14.086
DDD_23_shape,14.729250,-17.455300,419,14.178
DDD_23_shape,14.729330,-17.455280,420,14.187
DDD_23_shape,14.729340,-17.455350,421,14.195
DDD_23_shape,14.729640,-17.455270,422,14.229
DDD_23_shape,14.729680,-17.455470,423,14.251
DDD_23_shape,14.729720,-17.455700,424,14.276
DDD_23_shape,14.729750,-17.455870,425,14.295
DDD_23_shape,14.729900,-17.456190,426,14.333
DDD_23_shape,14.729980,-17.456350,427,14.353
DDD_23_shape,14.730100,-17.456640,428,14.387
DDD_23_shape,14.730160,-17.456630,429,14.393
DDD_23_shape,14.730200,-17.456630,430,14.398
DDD_23_shape,14.730240,-17.456640,431,14.402
DDD_23_shape,14.730340,-17.456650,432,14.414
DDD_23_shape,14.730520,-17.456620,433,14.434
DDD_23_shape,14.730600,-17.456600,434,14.443
DDD_23_shape,14.730880,-17.456540,435,14.475
DDD_23_shape,14.731000,-17.456520,436,14.488
DDD_23_shape,14.731240,-17.456460,437,14.516
DDD_23_shape,14.732090,-17.456270,438,14.612
DDD_23_shape,14.732650,-17.456140,439,14.676
DDD_23_shape,14.732820,-17.456100,440,14.696
DDD_23_shape,14.733010,-17.456100,441,14.717
DDD_23_shape,14.733030,-17.456100,442,14.719
DDD_23_shape,14.733470,-17.456110,443,14.768
DDD_23_shape,14.733740,-17.456100,444,14.798
DDD_23_shape,14.734000,-17.456070,445,14.827
DDD_23_shape,14.734200,-17.456040,446,14.850
DDD_23_shape,14.734430,-17.456000,447,14.875
DDD_23_shape,14.734840,-17.455930,448,14.922
DDD_23_shape,14.734920,-17.455920,449,14.931
DDD_23_shape,14.735210,-17.455860,450,14.964
DDD_23_shape,14.735370,-17.455820,451,14.982
DDD_23_shape,14.735470,-17.455790,452,14.993
DDD_23_shape,14.735540,-17.455770,453,15.001
DDD_23_shape,14.735820,-17.455650,454,15.035
DDD_23_shape,14.736030,-17.455540,455,15.061
DDD_23_shape,14.736140,-17.455470,456,15.076
DDD_23_shape,14.736220,-17.455430,457,15.086
DDD_23_shape,14.736340,-17.455360,458,15.101
DDD_23_shape,14.736700,-17.455190,459,15.145
DDD_23_shape,14.736920,-17.455090,460,15.172
DDD_23_shape,14.737310,-17.454910,461,15.219
DDD_23_shape,14.737430,-17.454850,462,15.234
DDD_23_shape,14.737630,-17.454770,463,15.258
DDD_23_shape,14.737760,-17.454720,464,15.273
DDD_23_shape,14.737830,-17.454680,465,15.282
DDD_23_shape,14.737980,-17.454570,466,15.303
DDD_23_shape,14.738120,-17.454470,467,15.321
DDD_23_shape,14.738250,-17.454370,468,15.340
DDD_23_shape,14.738340,-17.454310,469,15.351
DDD_23_shape,14.739060,-17.453770,470,15.450
DDD_23_shape,14.739350,-17.453540,471,15.491
DDD_23_shape,14.739430,-17.453480,472,15.502
DDD_23_shape,14.739650,-17.453310,473,15.532
DDD_23_shape,14.739820,-17.453180,474,15.556
DDD_23_shape,14.740100,-17.452960,475,15.595
DDD_23_shape,14.740250,-17.452830,476,15.617
DDD_23_shape,14.740420,-17.452690,477,15.641
DDD_23_shape,14.740510,-17.452580,478,15.657
DDD_23_shape,14.740660,-17.452360,479,15.685
DDD_23_shape,14.740720,-17.452290,480,15.696
DDD_23_shape,14.740950,-17.451990,481,15.737
DDD_23_shape,14.741190,-17.451650,482,15.782
DDD_23_shape,14.741420,-17.451320,483,15.826
DDD_23_shape,14.741770,-17.450830,484,15.891
DDD_23_shape,14.741870,-17.450700,485,15.909
DDD_23_shape,14.742310,-17.450140,486,15.987
DDD_23_shape,14.742400,-17.450010,487,16.004
DDD_23_shape,14.742480,-17.449910,488,16.018
DDD_23_shape,14.742790,-17.449500,489,16.074
DDD_23_shape,14.743190,-17.448920,490,16.150
DDD_23_shape,14.743590,-17.448360,491,16.225
DDD_23_shape,14.743680,-17.448230,492,16.242
DDD_23_shape,14.744100,-17.447650,493,16.320
DDD_23_shape,14.744570,-17.447020,494,16.406
DDD_23_shape,14.744690,-17.446860,495,16.428
DDD_23_shape,14.744760,-17.446790,496,16.439
DDD_23_shape,14.744840,-17.446700,497,16.452
DDD_23_shape,14.745000,-17.446560,498,16.475
DDD_23_shape,14.745240,-17.446380,499,16.508
DDD_23_shape,14.745580,-17.446150,500,16.553
DDD_23_shape,14.745930,-17.445920,501,16.599
DDD_23_shape,14.746310,-17.445680,502,16.649
DDD_23_shape,14.746700,-17.445450,503,16.699
DDD_23_shape,14.746780,-17.445380,504,16.710
DDD_23_shape,14.746890,-17.445240,505,16.730
DDD_23_shape,14.746980,-17.445160,506,16.743
DDD_23_shape,14.747260,-17.444940,507,16.782
DDD_23_shape,14.747420,-17.444810,508,16.805
DDD_23_shape,14.747820,-17.444490,509,16.861
DDD_23_shape,14.748200,-17.444180,510,16.915
DDD_23_shape,14.748430,-17.443940,511,16.951
DDD_23_shape,14.748520,-17.443860,512,16.964
DDD_23_shape,14.748560,-17.443830,513,16.970
DDD_23_shape,14.748750,-17.443650,514,16.998
DDD_23_shape,14.748810,-17.443580,515,17.008
DDD_23_shape,14.748910,-17.443450,516,17.026
DDD_23_shape,14.749010,-17.443270,517,17.049
DDD_23_shape,14.749140,-17.443020,518,17.079
DDD_23_shape,14.749550,-17.442320,519,17.167
DDD_23_shape,14.749710,-17.442060,520,17.200
DDD_23_shape,14.749900,-17.441740,521,17.241
DDD_23_shape,14.750030,-17.441460,522,17.274
DDD_23_shape,14.750030,-17.441450,523,17.275
DDD_23_shape,14.750270,-17.440850,524,17.345
DDD_23_shape,14.750340,-17.440620,525,17.371
DDD_23_shape,14.750350,-17.440600,526,17.373
DDD_23_shape,14.750370,-17.440520,527,17.382
DDD_23_shape,14.750420,-17.440320,528,17.404
DDD_23_shape,14.750460,-17.440170,529,17.421
DDD_23_shape,14.750470,-17.440130,530,17.426
DDD_23_shape,14.750820,-17.439090,531,17.544
DDD_23_shape,14.751080,-17.438310,532,17.633
DDD_23_shape,14.751090,-17.438280,533,17.636
DDD_23_shape,14.751250,-17.437930,534,17.678
DDD_23_shape,14.751330,-17.437740,535,17.700
DDD_23_shape,14.751640,-17.437020,536,17.785
DDD_23_shape,14.751800,-17.436700,537,17.824
DDD_23_shape,14.751840,-17.436610,538,17.834
DDD_23_shape,14.752040,-17.436210,539,17.883
DDD_23_shape,14.752130,-17.436050,540,17.902
DDD_23_shape,14.752620,-17.435240,541,18.005
DDD_23_shape,14.752850,-17.434870,542,18.053
DDD_23_shape,14.752900,-17.434750,543,18.067
DDD_23_shape,14.752910,-17.434680,544,18.074
DDD_23_shape,14.752930,-17.434630,545,18.080
DDD_23_shape,14.752950,-17.434610,546,18.083
DDD_23_shape,14.753000,-17.434580,547,18.090
DDD_23_shape,14.753040,-17.434580,548,18.094
DDD_23_shape,14.753080,-17.434590,549,18.099
DDD_23_shape,14.753110,-17.434600,550,18.102
DDD_23_shape,14.753140,-17.434620,551,18.106
DDD_23_shape,14.753170,-17.434670,552,18.112
DDD_23_shape,14.753170,-17.434710,553,18.117
DDD_23_shape,14.753140,-17.434770,554,18.124
DDD_23_shape,14.753810,-17.435200,555,18.212
DDD_23_shape,14.753830,-17.435170,556,18.216
DDD_23_shape,14.754070,-17.434780,557,18.265
DDD_23_shape,14.754100,-17.434730,558,18.272
DDD_23_shape,14.754440,-17.434800,559,18.310
DDD_23_shape,14.754810,-17.434880,560,18.352
DDD_23_shape,14.754680,-17.435510,561,18.421
DDD_23_shape,14.754800,-17.435530,562,18.435
DDD_23_shape,14.755090,-17.435600,563,18.468
DDD_23_shape,14.755130,-17.435610,564,18.473
DDD_23_shape,14.755400,-17.435660,565,18.503
DDD_23_shape,14.755540,-17.435690,566,18.519
DDD_23_shape,14.755710,-17.435730,567,18.538
DDD_23_shape,14.755830,-17.435760,568,18.552
DDD_23_shape,14.755850,-17.435760,569,18.554
DDD_23_shape,14.756260,-17.435850,570,18.601
DDD_23_shape,14.756680,-17.435950,571,18.649
DDD_23_shape,14.756990,-17.436010,572,18.684
DDD_23_shape,14.757350,-17.436090,573,18.725
DDD_23_shape,14.757590,-17.436140,574,18.752
DDD_23_shape,14.757460,-17.436800,575,18.825
DDD_23_shape,14.757420,-17.436980,576,18.844
DDD_23_shape,14.757390,-17.437140,577,18.862
DDD_23_shape,14.757310,-17.437550,578,18.907
DDD_23_shape,14.757270,-17.437750,579,18.929
DDD_23_shape,14.757120,-17.438460,580,19.007
DDD_23_shape,14.757040,-17.438870,581,19.052
DDD_23_shape,14.756960,-17.439290,582,19.098
DDD_23_shape,14.756850,-17.439780,583,19.152
DDD_23_shape,14.756780,-17.440160,584,19.194
DDD_23_shape,14.756760,-17.440270,585,19.206
DDD_23_shape,14.756710,-17.440510,586,19.232
DDD_23_shape,14.756680,-17.440640,587,19.246
DDD_23_shape,14.756600,-17.441030,588,19.289
DDD_23_shape,14.756510,-17.441470,589,19.338
DDD_23_shape,14.756500,-17.441540,590,19.345
DDD_23_shape,14.756330,-17.442360,591,19.435
DDD_23_shape,14.756300,-17.442500,592,19.451
DDD_23_shape,14.756220,-17.442890,593,19.494
DDD_23_shape,14.756170,-17.443140,594,19.521
DDD_23_shape,14.756120,-17.443410,595,19.551
DDD_23_shape,14.755950,-17.444260,596,19.644
DDD_23_shape,14.755900,-17.444450,597,19.665
DDD_23_shape,14.755840,-17.444760,598,19.699
DDD_23_shape,14.755780,-17.445050,599,19.731
DDD_23_shape,14.755690,-17.445500,600,19.781
DDD_23_shape,14.755650,-17.445720,601,19.805
DDD_23_shape,14.755560,-17.446150,602,19.852
DDD_23_shape,14.755540,-17.446250,603,19.863
DDD_23_shape,14.755450,-17.446680,604,19.910
DDD_23_shape,14.755400,-17.447040,605,19.949
DDD_23_shape,14.755490,-17.447070,606,19.960
DDD_23_shape,14.755800,-17.447140,607,19.995
DDD_23_shape,14.756340,-17.447250,608,20.056
DDD_23_shape,14.757140,-17.447420,609,20.147
DDD_23_shape,14.757420,-17.447480,610,20.179
DDD_23_shape,14.758130,-17.447640,611,20.260
DDD_23_shape,14.758440,-17.447700,612,20.295
DDD_23_shape,14.758730,-17.447760,613,20.328
DDD_23_shape,14.758920,-17.447800,614,20.349
DDD_23_shape,14.759830,-17.448000,615,20.453
DDD_23_shape,14.760220,-17.448080,616,20.497
DDD_23_shape,14.760970,-17.448240,617,20.582
DDD_23_shape,14.761220,-17.448300,618,20.611
DDD_23_shape,14.761770,-17.448410,619,20.673
DDD_23_shape,14.761740,-17.448550,620,20.688
DDD_23_shape,14.761680,-17.448820,621,20.718
DDD_23_shape,14.761610,-17.449170,622,20.757
DDD_23_shape,14.761510,-17.449660,623,20.810
DDD_23_shape,14.761430,-17.450050,624,20.853
DDD_23_shape,14.761420,-17.450170,625,20.866
DDD_23_shape,14.761430,-17.450290,626,20.879
DDD_23_shape,14.761520,-17.450500,627,20.904
DDD_23_shape,14.760780,-17.450840,628,20.994
DDD_23_shape,14.760400,-17.451020,629,21.040
DDD_23_shape,14.759410,-17.451490,630,21.162
DDD_23_shape,14.759330,-17.451610,631,21.177
DDD_23_shape,14.759330,-17.451630,632,21.179
DDD_23_shape,14.759320,-17.451650,633,21.182
DDD_23_shape,14.759310,-17.451670,634,21.184
DDD_23_shape,14.759300,-17.451680,635,21.186
DDD_23_shape,14.759270,-17.451690,636,21.189
DDD_23_shape,14.759250,-17.451680,637,21.192
DDD_23_shape,14.759230,-17.451670,638,21.194
DDD_23_shape,14.759210,-17.451650,639,21.197
DDD_23_shape,14.759200,-17.451630,640,21.200
DDD_23_shape,14.759200,-17.451610,641,21.202
DDD_23_shape,14.759210,-17.451590,642,21.204
DDD_23_shape,14.759220,-17.451570,643,21.207
DDD_23_shape,14.759090,-17.451230,644,21.246
DDD_23_shape,14.759050,-17.451120,645,21.259
DDD_23_shape,14.759000,-17.451030,646,21.270
DDD_23_shape,14.758960,-17.450940,647,21.280
DDD_23_shape,14.758830,-17.450650,648,21.315
DDD_23_shape,14.758720,-17.450400,649,21.344
DDD_23_shape,14.758570,-17.450070,650,21.384
DDD_23_shape,14.758540,-17.449990,651,21.393
DDD_23_shape,14.758530,-17.449920,652,21.400
DDD_23_shape,14.758520,-17.449850,653,21.408
DDD_23_shape,14.758540,-17.449730,654,21.421
DDD_23_shape,14.758590,-17.449480,655,21.449
DDD_23_shape,14.758660,-17.449130,656,21.487
DDD_23_shape,14.758690,-17.448980,657,21.503
DDD_23_shape,14.758720,-17.448790,658,21.524
DDD_23_shape,14.758760,-17.448640,659,21.541
DDD_23_shape,14.758820,-17.448310,660,21.577
DDD_23_shape,14.758850,-17.448200,661,21.589
DDD_23_shape,14.758920,-17.447800,662,21.633
DDD_23_shape,14.758950,-17.447660,663,21.648
DDD_23_shape,14.759050,-17.447150,664,21.704
DDD_23_shape,14.759100,-17.446900,665,21.732
DDD_23_shape,14.759140,-17.446710,666,21.753
DDD_23_shape,14.759180,-17.446530,667,21.773
DDD_23_shape,14.759260,-17.446130,668,21.816
DDD_23_shape,14.759330,-17.445780,669,21.855
DDD_23_shape,14.759400,-17.445450,670,21.891
DDD_23_shape,14.759410,-17.445380,671,21.899
DDD_23_shape,14.759480,-17.445030,672,21.937
DDD_23_shape,14.759590,-17.444500,673,21.996
DDD_23_shape,14.759610,-17.444390,674,22.008
DDD_23_shape,14.759660,-17.444180,675,22.031
DDD_23_shape,14.759840,-17.443270,676,22.131
DDD_23_shape,14.759900,-17.442990,677,22.162
DDD_23_shape,14.759960,-17.442690,678,22.195
DDD_23_shape,14.760080,-17.442080,679,22.261
DDD_23_shape,14.760140,-17.441830,680,22.289
DDD_23_shape,14.760270,-17.441190,681,22.359
DDD_23_shape,14.760400,-17.440560,682,22.429
DDD_23_shape,14.760400,-17.440540,683,22.431
DDD_23_shape,14.760580,-17.439650,684,22.529
DDD_23_shape,14.760640,-17.439370,685,22.559
DDD_23_shape,14.760420,-17.439320,686,22.585
BRT_01_shape_rev,14.772310,-17.387680,1,0.000
BRT_01_shape_rev,14.772520,-17.387980,2,0.040
BRT_01_shape_rev,14.772600,-17.388090,3,0.055
BRT_01_shape_rev,14.772640,-17.388150,4,0.062
BRT_01_shape_rev,14.772710,-17.388240,5,0.075
BRT_01_shape_rev,14.772720,-17.388290,6,0.080
BRT_01_shape_rev,14.772750,-17.388330,7,0.086
BRT_01_shape_rev,14.772800,-17.388360,8,0.092
BRT_01_shape_rev,14.772910,-17.388490,9,0.111
BRT_01_shape_rev,14.772930,-17.388520,10,0.115
BRT_01_shape_rev,14.772990,-17.388620,11,0.127
BRT_01_shape_rev,14.773330,-17.389110,12,0.192
BRT_01_shape_rev,14.773570,-17.389440,13,0.237
BRT_01_shape_rev,14.773660,-17.389570,14,0.254
BRT_01_shape_rev,14.773980,-17.390010,15,0.313
BRT_01_shape_rev,14.774370,-17.390590,16,0.389
BRT_01_shape_rev,14.774430,-17.390670,17,0.400
BRT_01_shape_rev,14.774810,-17.391150,18,0.467
BRT_01_shape_rev,14.774960,-17.391340,19,0.493
BRT_01_shape_rev,14.775020,-17.391460,20,0.507
BRT_01_shape_rev,14.775090,-17.391590,21,0.523
BRT_01_shape_rev,14.775110,-17.391620,22,0.527
BRT_01_shape_rev,14.775190,-17.391740,23,0.543
BRT_01_shape_rev,14.775580,-17.392320,24,0.619
BRT_01_shape_rev,14.775780,-17.392610,25,0.657
BRT_01_shape_rev,14.775970,-17.392910,26,0.696
BRT_01_shape_rev,14.775970,-17.392910,27,0.696
BRT_01_shape_rev,14.776060,-17.393050,28,0.714
BRT_01_shape_rev,14.776130,-17.393200,29,0.732
BRT_01_shape_rev,14.776190,-17.393310,30,0.745
BRT_01_shape_rev,14.776240,-17.393370,31,0.754
BRT_01_shape_rev,14.776270,-17.393420,32,0.760
BRT_01_shape_rev,14.776310,-17.393490,33,0.769
BRT_01_shape_rev,14.776300,-17.393520,34,0.772
BRT_01_shape_rev,14.776310,-17.393540,35,0.775
BRT_01_shape_rev,14.776310,-17.393560,36,0.777
BRT_01_shape_rev,14.776320,-17.393580,37,0.779
BRT_01_shape_rev,14.776330,-17.393600,38,0.782
BRT_01_shape_rev,14.776340,-17.393620,39,0.784
BRT_01_shape_rev,14.776360,-17.393630,40,0.787
BRT_01_shape_rev,14.776380,-17.393650,41,0.790
BRT_01_shape_rev,14.776400,-17.393650,42,0.792
BRT_01_shape_rev,14.776420,-17.393720,43,0.800
BRT_01_shape_rev,14.776450,-17.393800,44,0.809
BRT_01_shape_rev,14.776470,-17.393870,45,0.817
BRT_01_shape_rev,14.776520,-17.394070,46,0.839
BRT_01_shape_rev,14.776580,-17.394380,47,0.873
BRT_01_shape_rev,14.776610,-17.394580,48,0.895
BRT_01_shape_rev,14.776630,-17.394700,49,0.908
BRT_01_shape_rev,14.776640,-17.394740,50,0.912
BRT_01_shape_rev,14.776650,-17.394960,51,0.936
BRT_01_shape_rev,14.776660,-17.395120,52,0.953
BRT_01_shape_rev,14.776660,-17.395320,53,0.975
BRT_01_shape_rev,14.776650,-17.395410,54,0.985
BRT_01_shape_rev,14.776630,-17.395680,55,1.014
BRT_01_shape_rev,14.776590,-17.396030,56,1.052
BRT_01_shape_rev,14.776570,-17.396150,57,1.065
BRT_01_shape_rev,14.776460,-17.396830,58,1.139
BRT_01_shape_rev,14.776360,-17.397510,59,1.213
BRT_01_shape_rev,14.776300,-17.397720,60,1.236
BRT_01_shape_rev,14.776280,-17.397790,61,1.244
BRT_01_shape_rev,14.776260,-17.397890,62,1.255
BRT_01_shape_rev,14.776260,-17.397910,63,1.257
BRT_01_shape_rev,14.776240,-17.398120,64,1.280
BRT_01_shape_rev,14.776140,-17.398640,65,1.337
BRT_01_shape_rev,14.776080,-17.398970,66,1.373
BRT_01_shape_rev,14.776030,-17.399210,67,1.400
BRT_01_shape_rev,14.775990,-17.399430,68,1.424
BRT_01_shape_rev,14.775920,-17.399760,69,1.460
BRT_01_shape_rev,14.775910,-17.399810,70,1.465
BRT_01_shape_rev,14.775900,-17.399910,71,1.476
BRT_01_shape_rev,14.775870,-17.399930,72,1.480
BRT_01_shape_rev,14.775850,-17.399960,73,1.484
BRT_01_shape_rev,14.775830,-17.400000,74,1.489
BRT_01_shape_rev,14.775830,-17.400030,75,1.492
BRT_01_shape_rev,14.775830,-17.400070,76,1.496
BRT_01_shape_rev,14.775840,-17.400100,77,1.500
BRT_01_shape_rev,14.775860,-17.400120,78,1.503
BRT_01_shape_rev,14.775860,-17.400200,79,1.512
BRT_01_shape_rev,14.775840,-17.400300,80,1.523
BRT_01_shape_rev,14.775770,-17.400680,81,1.564
BRT_01_shape_rev,14.775700,-17.401020,82,1.602
BRT_01_shape_rev,14.775560,-17.401740,83,1.680
BRT_01_shape_rev,14.775430,-17.402430,84,1.756
BRT_01_shape_rev,14.775370,-17.402750,85,1.791
BRT_01_shape_rev,14.775320,-17.403020,86,1.821
BRT_01_shape_rev,14.775320,-17.403120,87,1.831
BRT_01_shape_rev,14.775300,-17.403210,88,1.841
BRT_01_shape_rev,14.775280,-17.403220,89,1.844
BRT_01_shape_rev,14.775260,-17.403230,90,1.846
BRT_01_shape_rev,14.775250,-17.403250,91,1.849
BRT_01_shape_rev,14.775230,-17.403300,92,1.855
BRT_01_shape_rev,14.775220,-17.403340,93,1.859
BRT_01_shape_rev,14.775230,-17.403390,94,1.864
BRT_01_shape_rev,14.775250,-17.403430,95,1.869
BRT_01_shape_rev,14.775280,-17.403460,96,1.874
BRT_01_shape_rev,14.775280,-17.403600,97,1.889
BRT_01_shape_rev,14.775280,-17.403690,98,1.899
BRT_01_shape_rev,14.775260,-17.403900,99,1.921
BRT_01_shape_rev,14.775250,-17.404170,100,1.950
BRT_01_shape_rev,14.775240,-17.404390,101,1.974
BRT_01_shape_rev,14.775230,-17.404710,102,2.009
BRT_01_shape_rev,14.775200,-17.405010,103,2.041
BRT_01_shape_rev,14.775190,-17.405670,104,2.112
BRT_01_shape_rev,14.775160,-17.406400,105,2.190
BRT_01_shape_rev,14.775150,-17.406690,106,2.222
BRT_01_shape_rev,14.775150,-17.406930,107,2.247
BRT_01_shape_rev,14.775140,-17.407220,108,2.279
BRT_01_shape_rev,14.775140,-17.407610,109,2.321
BRT_01_shape_rev,14.775140,-17.407890,110,2.351
BRT_01_shape_rev,14.775140,-17.407940,111,2.356
BRT_01_shape_rev,14.775100,-17.408440,112,2.410
BRT_01_shape_rev,14.775130,-17.408570,113,2.424
BRT_01_shape_rev,14.775170,-17.408650,114,2.434
BRT_01_shape_rev,14.775210,-17.408750,115,2.446
BRT_01_shape_rev,14.775230,-17.408910,116,2.463
BRT_01_shape_rev,14.775210,-17.408930,117,2.466
BRT_01_shape_rev,14.775190,-17.408970,118,2.471
BRT_01_shape_rev,14.775090,-17.409000,119,2.483
BRT_01_shape_rev,14.775030,-17.409000,120,2.489
BRT_01_shape_rev,14.774940,-17.408980,121,2.499
BRT_01_shape_rev,14.774870,-17.408930,122,2.509
BRT_01_shape_rev,14.774860,-17.408930,123,2.510
BRT_01_shape_rev,14.774780,-17.408870,124,2.521
BRT_01_shape_rev,14.774700,-17.408830,125,2.531
BRT_01_shape_rev,14.774510,-17.408750,126,2.554
BRT_01_shape_rev,14.774340,-17.408680,127,2.574
BRT_01_shape_rev,14.774190,-17.408600,128,2.593
BRT_01_shape_rev,14.773870,-17.408430,129,2.633
BRT_01_shape_rev,14.773580,-17.408270,130,2.669
BRT_01_shape_rev,14.773350,-17.408150,131,2.698
BRT_01_shape_rev,14.773180,-17.408060,132,2.719
BRT_01_shape_rev,14.773070,-17.408010,133,2.733
BRT_01_shape_rev,14.772800,-17.407900,134,2.765
BRT_01_shape_rev,14.772680,-17.407870,135,2.779
BRT_01_shape_rev,14.772580,-17.407870,136,2.790
BRT_01_shape_rev,14.772540,-17.407880,137,2.794
BRT_01_shape_rev,14.772480,-17.407890,138,2.801
BRT_01_shape_rev,14.772410,-17.407910,139,2.809
BRT_01_shape_rev,14.772360,-17.407920,140,2.815
BRT_01_shape_rev,14.772180,-17.407970,141,2.836
BRT_01_shape_rev,14.771810,-17.408110,142,2.879
BRT_01_shape_rev,14.771680,-17.408150,143,2.894
BRT_01_shape_rev,14.771570,-17.408170,144,2.907
BRT_01_shape_rev,14.771500,-17.408180,145,2.915
BRT_01_shape_rev,14.771400,-17.408210,146,2.926
BRT_01_shape_rev,14.771070,-17.408230,147,2.963
BRT_01_shape_rev,14.771010,-17.408230,148,2.970
BRT_01_shape_rev,14.770900,-17.408220,149,2.982
BRT_01_shape_rev,14.770830,-17.408200,150,2.990
BRT_01_shape_rev,14.770820,-17.408180,151,2.992
BRT_01_shape_rev,14.770800,-17.408150,152,2.996
BRT_01_shape_rev,14.770780,-17.408130,153,3.000
BRT_01_shape_rev,14.770740,-17.408110,154,3.004
BRT_01_shape_rev,14.770710,-17.408110,155,3.008
BRT_01_shape_rev,14.770680,-17.408120,156,3.011
BRT_01_shape_rev,14.770660,-17.408140,157,3.014
BRT_01_shape_rev,14.770640,-17.408150,158,3.017
BRT_01_shape_rev,14.770620,-17.408180,159,3.021
BRT_01_shape_rev,14.770620,-17.408210,160,3.024
BRT_01_shape_rev,14.770620,-17.408240,161,3.027
BRT_01_shape_rev,14.770630,-17.408270,162,3.031
BRT_01_shape_rev,14.770640,-17.408290,163,3.033
BRT_01_shape_rev,14.770610,-17.408410,164,3.046
BRT_01_shape_rev,14.770490,-17.408680,165,3.078
BRT_01_shape_rev,14.770430,-17.408810,166,3.094
BRT_01_shape_rev,14.770470,-17.408840,167,3.099
BRT_01_shape_rev,14.770510,-17.408880,168,3.105
BRT_01_shape_rev,14.770550,-17.408920,169,3.112
BRT_01_shape_rev,14.770580,-17.408930,170,3.115
BRT_01_shape_rev,14.770690,-17.408960,171,3.128
BRT_01_shape_rev,14.770850,-17.409010,172,3.146
BRT_01_shape_rev,14.770900,-17.409020,173,3.152
BRT_01_shape_rev,14.770990,-17.408940,174,3.165
BRT_01_shape_rev,14.771130,-17.408830,175,3.185
BRT_01_shape_rev,14.771360,-17.408650,176,3.217
BRT_01_shape_rev,14.771640,-17.408510,177,3.251
BRT_01_shape_rev,14.771920,-17.408380,178,3.286
BRT_01_shape_rev,14.772130,-17.408310,179,3.310
BRT_01_shape_rev,14.772310,-17.408260,180,3.331
BRT_01_shape_rev,14.772480,-17.408240,181,3.350
BRT_01_shape_rev,14.772560,-17.408250,182,3.359
BRT_01_shape_rev,14.772620,-17.408230,183,3.366
BRT_01_shape_rev,14.772650,-17.408200,184,3.371
BRT_01_shape_rev,14.772660,-17.408160,185,3.375
BRT_01_shape_rev,14.772630,-17.408120,186,3.380
BRT_01_shape_rev,14.772560,-17.408110,187,3.388
BRT_01_shape_rev,14.772470,-17.408120,188,3.398
BRT_01_shape_rev,14.772410,-17.408140,189,3.405
BRT_01_shape_rev,14.772150,-17.408220,190,3.435
BRT_01_shape_rev,14.771910,-17.408290,191,3.463
BRT_01_shape_rev,14.771740,-17.408360,192,3.484
BRT_01_shape_rev,14.771530,-17.408460,193,3.509
BRT_01_shape_rev,14.771320,-17.408590,194,3.536
BRT_01_shape_rev,14.771270,-17.408620,195,3.543
BRT_01_shape_rev,14.771120,-17.408720,196,3.563
BRT_01_shape_rev,14.770960,-17.408880,197,3.588
BRT_01_shape_rev,14.770930,-17.408910,198,3.592
BRT_01_shape_rev,14.770850,-17.409010,199,3.606
BRT_01_shape_rev,14.770690,-17.408960,200,3.625
BRT_01_shape_rev,14.770580,-17.408930,201,3.637
BRT_01_shape_rev,14.770550,-17.408920,202,3.641
BRT_01_shape_rev,14.770510,-17.408880,203,3.647
BRT_01_shape_rev,14.770470,-17.408840,204,3.653
BRT_01_shape_rev,14.770430,-17.408810,205,3.659
BRT_01_shape_rev,14.770390,-17.408900,206,3.669
BRT_01_shape_rev,14.770260,-17.409110,207,3.696
BRT_01_shape_rev,14.770180,-17.409260,208,3.715
BRT_01_shape_rev,14.769990,-17.409570,209,3.754
BRT_01_shape_rev,14.769800,-17.409860,210,3.792
BRT_01_shape_rev,14.769680,-17.410050,211,3.816
BRT_01_shape_rev,14.769610,-17.410170,212,3.831
BRT_01_shape_rev,14.769430,-17.410450,213,3.867
BRT_01_shape_rev,14.769240,-17.410740,214,3.905
BRT_01_shape_rev,14.769040,-17.411020,215,3.942
BRT_01_shape_rev,14.768800,-17.411370,216,3.989
BRT_01_shape_rev,14.768660,-17.411590,217,4.017
BRT_01_shape_rev,14.768380,-17.412030,218,4.074
BRT_01_shape_rev,14.768010,-17.412600,219,4.147
BRT_01_shape_rev,14.767950,-17.412710,220,4.161
BRT_01_shape_rev,14.767890,-17.412790,221,4.172
BRT_01_shape_rev,14.767790,-17.412890,222,4.187
BRT_01_shape_rev,14.767740,-17.412960,223,4.197
BRT_01_shape_rev,14.767590,-17.413190,224,4.226
BRT_01_shape_rev,14.767390,-17.413490,225,4.266
BRT_01_shape_rev,14.767200,-17.413780,226,4.303
BRT_01_shape_rev,14.767010,-17.414070,227,4.341
BRT_01_shape_rev,14.766980,-17.414100,228,4.346
BRT_01_shape_rev,14.766810,-17.414360,229,4.379
BRT_01_shape_rev,14.766690,-17.414510,230,4.400
BRT_01_shape_rev,14.766650,-17.414570,231,4.408
BRT_01_shape_rev,14.766440,-17.414870,232,4.448
BRT_01_shape_rev,14.766370,-17.414980,233,4.462
BRT_01_shape_rev,14.766220,-17.415220,234,4.493
BRT_01_shape_rev,14.766040,-17.415490,235,4.528
BRT_01_shape_rev,14.765850,-17.415780,236,4.566
BRT_01_shape_rev,14.765680,-17.416060,237,4.601
BRT_01_shape_rev,14.765630,-17.416160,238,4.613
BRT_01_shape_rev,14.765600,-17.416280,239,4.627
BRT_01_shape_rev,14.765520,-17.416500,240,4.652
BRT_01_shape_rev,14.765380,-17.416930,241,4.701
BRT_01_shape_rev,14.765230,-17.417370,242,4.751
BRT_01_shape_rev,14.765170,-17.417530,243,4.769
BRT_01_shape_rev,14.765030,-17.417930,244,4.815
BRT_01_shape_rev,14.764990,-17.418090,245,4.833
BRT_01_shape_rev,14.764970,-17.418140,246,4.839
BRT_01_shape_rev,14.764890,-17.418430,247,4.871
BRT_01_shape_rev,14.764770,-17.418840,248,4.917
BRT_01_shape_rev,14.764720,-17.418920,249,4.927
BRT_01_shape_rev,14.764670,-17.419000,250,4.938
BRT_01_shape_rev,14.764640,-17.419110,251,4.950
BRT_01_shape_rev,14.764520,-17.419560,252,5.000
BRT_01_shape_rev,14.764500,-17.419650,253,5.010
BRT_01_shape_rev,14.764290,-17.420390,254,5.093
BRT_01_shape_rev,14.764270,-17.420480,255,5.103
BRT_01_shape_rev,14.764120,-17.420990,256,5.160
BRT_01_shape_rev,14.764080,-17.421130,257,5.176
BRT_01_shape_rev,14.764060,-17.421230,258,5.187
BRT_01_shape_rev,14.764010,-17.421450,259,5.211
BRT_01_shape_rev,14.763890,-17.421850,260,5.256
BRT_01_shape_rev,14.763760,-17.422280,261,5.305
BRT_01_shape_rev,14.763660,-17.422560,262,5.337
BRT_01_shape_rev,14.763630,-17.422620,263,5.344
BRT_01_shape_rev,14.763450,-17.422920,264,5.382
BRT_01_shape_rev,14.763220,-17.423290,265,5.429
BRT_01_shape_rev,14.763010,-17.423590,266,5.469
BRT_01_shape_rev,14.762930,-17.423640,267,5.480
BRT_01_shape_rev,14.762870,-17.423690,268,5.488
BRT_01_shape_rev,14.762810,-17.423780,269,5.500
BRT_01_shape_rev,14.762730,-17.423890,270,5.515
BRT_01_shape_rev,14.762100,-17.424960,271,5.649
BRT_01_shape_rev,14.762000,-17.425130,272,5.671
BRT_01_shape_rev,14.761830,-17.425430,273,5.708
BRT_01_shape_rev,14.761750,-17.425570,274,5.726
BRT_01_shape_rev,14.761700,-17.425630,275,5.734
BRT_01_shape_rev,14.761640,-17.425700,276,5.744
BRT_01_shape_rev,14.761620,-17.425710,277,5.747
BRT_01_shape_rev,14.761530,-17.425790,278,5.760
BRT_01_shape_rev,14.761310,-17.425920,279,5.788
BRT_01_shape_rev,14.761200,-17.425980,280,5.802
BRT_01_shape_rev,14.760580,-17.426340,281,5.881
BRT_01_shape_rev,14.760490,-17.426390,282,5.892
BRT_01_shape_rev,14.760260,-17.426510,283,5.921
BRT_01_shape_rev,14.759790,-17.426780,284,5.981
BRT_01_shape_rev,14.759080,-17.427200,285,6.072
BRT_01_shape_rev,14.758970,-17.427270,286,6.086
BRT_01_shape_rev,14.758520,-17.427530,287,6.143
BRT_01_shape_rev,14.757880,-17.427870,288,6.223
BRT_01_shape_rev,14.757340,-17.428150,289,6.291
BRT_01_shape_rev,14.757160,-17.428250,290,6.313
BRT_01_shape_rev,14.756980,-17.428380,291,6.338
BRT_01_shape_rev,14.756870,-17.428470,292,6.353
BRT_01_shape_rev,14.756710,-17.428650,293,6.380
BRT_01_shape_rev,14.756570,-17.428860,294,6.407
BRT_01_shape_rev,14.756390,-17.429170,295,6.446
BRT_01_shape_rev,14.755910,-17.429930,296,6.544
BRT_01_shape_rev,14.755620,-17.430420,297,6.605
BRT_01_shape_rev,14.755410,-17.430720,298,6.645
BRT_01_shape_rev,14.755390,-17.430740,299,6.648
BRT_01_shape_rev,14.755350,-17.430810,300,6.657
BRT_01_shape_rev,14.755210,-17.431050,301,6.687
BRT_01_shape_rev,14.754780,-17.431750,302,6.776
BRT_01_shape_rev,14.754580,-17.432060,303,6.816
BRT_01_shape_rev,14.754480,-17.432210,304,6.836
BRT_01_shape_rev,14.754380,-17.432350,305,6.855
BRT_01_shape_rev,14.754350,-17.432370,306,6.859
BRT_01_shape_rev,14.754330,-17.432410,307,6.863
BRT_01_shape_rev,14.754330,-17.432450,308,6.868
BRT_01_shape_rev,14.754210,-17.432600,309,6.889
BRT_01_shape_rev,14.754060,-17.432870,310,6.922
BRT_01_shape_rev,14.753810,-17.433280,311,6.974
BRT_01_shape_rev,14.753420,-17.433910,312,7.055
BRT_01_shape_rev,14.753340,-17.434030,313,7.070
BRT_01_shape_rev,14.753330,-17.434050,314,7.073
BRT_01_shape_rev,14.753310,-17.434080,315,7.077
BRT_01_shape_rev,14.753180,-17.434290,316,7.104
BRT_01_shape_rev,14.753140,-17.434340,317,7.111
BRT_01_shape_rev,14.753060,-17.434460,318,7.126
BRT_01_shape_rev,14.753020,-17.434530,319,7.135
BRT_01_shape_rev,14.753000,-17.434580,320,7.141
BRT_01_shape_rev,14.752950,-17.434610,321,7.147
BRT_01_shape_rev,14.752930,-17.434630,322,7.150
BRT_01_shape_rev,14.752910,-17.434680,323,7.156
BRT_01_shape_rev,14.752900,-17.434750,324,7.164
BRT_01_shape_rev,14.752850,-17.434870,325,7.178
BRT_01_shape_rev,14.752620,-17.435240,326,7.225
BRT_01_shape_rev,14.752130,-17.436050,327,7.328
BRT_01_shape_rev,14.752040,-17.436210,328,7.348
BRT_01_shape_rev,14.751800,-17.436700,329,7.407
BRT_01_shape_rev,14.751640,-17.437020,330,7.445
BRT_01_shape_rev,14.751330,-17.437740,331,7.530
BRT_01_shape_rev,14.751250,-17.437930,332,7.553
BRT_01_shape_rev,14.751090,-17.438280,333,7.594
BRT_01_shape_rev,14.751080,-17.438310,334,7.598
BRT_01_shape_rev,14.750820,-17.439090,335,7.686
BRT_01_shape_rev,14.750650,-17.439600,336,7.744
BRT_01_shape_rev,14.750470,-17.440130,337,7.805
BRT_01_shape_rev,14.750460,-17.440170,338,7.809
BRT_01_shape_rev,14.750420,-17.440320,339,7.826
BRT_01_shape_rev,14.750370,-17.440520,340,7.848
BRT_01_shape_rev,14.750350,-17.440600,341,7.857
BRT_01_shape_rev,14.750270,-17.440850,342,7.885
BRT_01_shape_rev,14.750030,-17.441450,343,7.955
BRT_01_shape_rev,14.750030,-17.441460,344,7.956
BRT_01_shape_rev,14.749900,-17.441740,345,7.990
BRT_01_shape_rev,14.749710,-17.442060,346,8.030
BRT_01_shape_rev,14.749550,-17.442320,347,8.063
BRT_01_shape_rev,14.749140,-17.443020,348,8.151
BRT_01_shape_rev,14.749010,-17.443270,349,8.182
BRT_01_shape_rev,14.748910,-17.443450,350,8.204
BRT_01_shape_rev,14.748810,-17.443580,351,8.222
BRT_01_shape_rev,14.748750,-17.443650,352,8.232
BRT_01_shape_rev,14.748560,-17.443830,353,8.260
BRT_01_shape_rev,14.748430,-17.443940,354,8.279
BRT_01_shape_rev,14.748200,-17.444180,355,8.316
BRT_01_shape_rev,14.747820,-17.444490,356,8.369
BRT_01_shape_rev,14.747420,-17.444810,357,8.426
BRT_01_shape_rev,14.747400,-17.444830,358,8.429
BRT_01_shape_rev,14.747260,-17.444940,359,8.448
BRT_01_shape_rev,14.746980,-17.445160,360,8.487
BRT_01_shape_rev,14.746890,-17.445240,361,8.501
BRT_01_shape_rev,14.746780,-17.445380,362,8.520
BRT_01_shape_rev,14.746700,-17.445450,363,8.532
BRT_01_shape_rev,14.745930,-17.445920,364,8.631
BRT_01_shape_rev,14.745580,-17.446150,365,8.677
BRT_01_shape_rev,14.745240,-17.446380,366,8.722
BRT_01_shape_rev,14.745000,-17.446560,367,8.755
BRT_01_shape_rev,14.744840,-17.446700,368,8.779
BRT_01_shape_rev,14.744760,-17.446790,369,8.792
BRT_01_shape_rev,14.744690,-17.446860,370,8.803
BRT_01_shape_rev,14.744570,-17.447020,371,8.824
BRT_01_shape_rev,14.744100,-17.447650,372,8.910
BRT_01_shape_rev,14.743680,-17.448230,373,8.988
BRT_01_shape_rev,14.743590,-17.448360,374,9.005
BRT_01_shape_rev,14.743190,-17.448920,375,9.080
BRT_01_shape_rev,14.742790,-17.449500,376,9.156
BRT_01_shape_rev,14.742480,-17.449910,377,9.212
BRT_01_shape_rev,14.742400,-17.450010,378,9.226
BRT_01_shape_rev,14.742310,-17.450140,379,9.244
BRT_01_shape_rev,14.741870,-17.450700,380,9.321
BRT_01_shape_rev,14.741770,-17.450830,381,9.339
BRT_01_shape_rev,14.741420,-17.451320,382,9.404
BRT_01_shape_rev,14.741190,-17.451650,383,9.448
BRT_01_shape_rev,14.740970,-17.451960,384,9.490
BRT_01_shape_rev,14.740950,-17.451990,385,9.494
BRT_01_shape_rev,14.740720,-17.452290,386,9.535
BRT_01_shape_rev,14.740660,-17.452360,387,9.545
BRT_01_shape_rev,14.740510,-17.452580,388,9.574
BRT_01_shape_rev,14.740420,-17.452690,389,9.589
BRT_01_shape_rev,14.740250,-17.452830,390,9.613
BRT_01_shape_rev,14.740100,-17.452960,391,9.635
BRT_01_shape_rev,14.739820,-17.453180,392,9.674
BRT_01_shape_rev,14.739430,-17.453480,393,9.728
BRT_01_shape_rev,14.739350,-17.453540,394,9.739
BRT_01_shape_rev,14.739060,-17.453770,395,9.780
BRT_01_shape_rev,14.738340,-17.454310,396,9.879
BRT_01_shape_rev,14.738250,-17.454370,397,9.891
BRT_01_shape_rev,14.738120,-17.454470,398,9.909
BRT_01_shape_rev,14.737980,-17.454570,399,9.928
BRT_01_shape_rev,14.737830,-17.454680,400,9.948
BRT_01_shape_rev,14.737760,-17.454720,401,9.957
BRT_01_shape_rev,14.737630,-17.454770,402,9.972
BRT_01_shape_rev,14.737430,-17.454850,403,9.996
BRT_01_shape_rev,14.737310,-17.454910,404,10.011
BRT_01_shape_rev,14.736920,-17.455090,405,10.059
BRT_01_shape_rev,14.736920,-17.455090,406,10.059
BRT_01_shape_rev,14.736700,-17.455190,407,10.085
BRT_01_shape_rev,14.736340,-17.455360,408,10.129
BRT_01_shape_rev,14.736220,-17.455430,409,10.145
BRT_01_shape_rev,14.736140,-17.455470,410,10.154
BRT_01_shape_rev,14.736030,-17.455540,411,10.169
BRT_01_shape_rev,14.735820,-17.455650,412,10.195
BRT_01_shape_rev,14.735540,-17.455770,413,10.229
BRT_01_shape_rev,14.735370,-17.455820,414,10.248
BRT_01_shape_rev,14.735210,-17.455860,415,10.267
BRT_01_shape_rev,14.734920,-17.455920,416,10.300
BRT_01_shape_rev,14.734840,-17.455930,417,10.309
BRT_01_shape_rev,14.734430,-17.456000,418,10.355
BRT_01_shape_rev,14.734200,-17.456040,419,10.381
BRT_01_shape_rev,14.734000,-17.456070,420,10.403
BRT_01_shape_rev,14.733740,-17.456100,421,10.432
BRT_01_shape_rev,14.733530,-17.456110,422,10.456
BRT_01_shape_rev,14.733470,-17.456110,423,10.462
BRT_01_shape_rev,14.733030,-17.456100,424,10.511
BRT_01_shape_rev,14.733010,-17.456100,425,10.513
BRT_01_shape_rev,14.732820,-17.456100,426,10.535
BRT_01_shape_rev,14.732650,-17.456140,427,10.554
BRT_01_shape_rev,14.732090,-17.456270,428,10.618
BRT_01_shape_rev,14.731240,-17.456460,429,10.714
BRT_01_shape_rev,14.731000,-17.456520,430,10.742
BRT_01_shape_rev,14.730600,-17.456600,431,10.787
BRT_01_shape_rev,14.730520,-17.456620,432,10.796
BRT_01_shape_rev,14.730340,-17.456650,433,10.817
BRT_01_shape_rev,14.729820,-17.456760,434,10.876
BRT_01_shape_rev,14.729550,-17.456810,435,10.906
BRT_01_shape_rev,14.729290,-17.456860,436,10.936
BRT_01_shape_rev,14.729040,-17.456930,437,10.964
BRT_01_shape_rev,14.728850,-17.456980,438,10.986
BRT_01_shape_rev,14.728670,-17.457050,439,11.008
BRT_01_shape_rev,14.728480,-17.457160,440,11.032
BRT_01_shape_rev,14.728290,-17.457290,441,11.057
BRT_01_shape_rev,14.728170,-17.457400,442,11.075
BRT_01_shape_rev,14.727920,-17.457630,443,11.112
BRT_01_shape_rev,14.727350,-17.458120,444,11.195
BRT_01_shape_rev,14.727040,-17.458410,445,11.241
BRT_01_shape_rev,14.726600,-17.458740,446,11.302
BRT_01_shape_rev,14.726320,-17.459000,447,11.343
BRT_01_shape_rev,14.725650,-17.459610,448,11.443
BRT_01_shape_rev,14.725570,-17.459690,449,11.455
BRT_01_shape_rev,14.725220,-17.460000,450,11.506
BRT_01_shape_rev,14.725090,-17.460130,451,11.526
BRT_01_shape_rev,14.724970,-17.460290,452,11.548
BRT_01_shape_rev,14.724850,-17.460400,453,11.566
BRT_01_shape_rev,14.724350,-17.460860,454,11.640
BRT_01_shape_rev,14.723260,-17.461900,455,11.805
BRT_01_shape_rev,14.722690,-17.462440,456,11.891
BRT_01_shape_rev,14.722190,-17.462910,457,11.966
BRT_01_shape_rev,14.721870,-17.463170,458,12.012
BRT_01_shape_rev,14.721730,-17.463260,459,12.030
BRT_01_shape_rev,14.721570,-17.463400,460,12.053
BRT_01_shape_rev,14.720410,-17.464420,461,12.223
BRT_01_shape_rev,14.720300,-17.464520,462,12.239
BRT_01_shape_rev,14.720030,-17.464740,463,12.277
BRT_01_shape_rev,14.719770,-17.465000,464,12.317
BRT_01_shape_rev,14.719030,-17.465650,465,12.425
BRT_01_shape_rev,14.718770,-17.465860,466,12.462
BRT_01_shape_rev,14.718660,-17.465940,467,12.477
BRT_01_shape_rev,14.718560,-17.466000,468,12.490
BRT_01_shape_rev,14.718390,-17.466110,469,12.512
BRT_01_shape_rev,14.718270,-17.466160,470,12.527
BRT_01_shape_rev,14.718190,-17.466190,471,12.536
BRT_01_shape_rev,14.718100,-17.466200,472,12.546
BRT_01_shape_rev,14.718010,-17.466210,473,12.556
BRT_01_shape_rev,14.717930,-17.466220,474,12.565
BRT_01_shape_rev,14.717790,-17.466260,475,12.581
BRT_01_shape_rev,14.717660,-17.466280,476,12.596
BRT_01_shape_rev,14.717460,-17.466310,477,12.618
BRT_01_shape_rev,14.717300,-17.466340,478,12.636
BRT_01_shape_rev,14.717100,-17.466360,479,12.659
BRT_01_shape_rev,14.716960,-17.466370,480,12.674
BRT_01_shape_rev,14.716910,-17.466380,481,12.680
BRT_01_shape_rev,14.716420,-17.466420,482,12.735
BRT_01_shape_rev,14.716320,-17.466430,483,12.746
BRT_01_shape_rev,14.716180,-17.466450,484,12.762
BRT_01_shape_rev,14.716030,-17.466460,485,12.778
BRT_01_shape_rev,14.715860,-17.466460,486,12.797
BRT_01_shape_rev,14.715690,-17.466430,487,12.816
BRT_01_shape_rev,14.715360,-17.466320,488,12.855
BRT_01_shape_rev,14.715210,-17.466280,489,12.872
BRT_01_shape_rev,14.714730,-17.466110,490,12.929
BRT_01_shape_rev,14.714070,-17.465780,491,13.010
BRT_01_shape_rev,14.713890,-17.465660,492,13.034
BRT_01_shape_rev,14.713700,-17.465530,493,13.059
BRT_01_shape_rev,14.713450,-17.465320,494,13.095
BRT_01_shape_rev,14.712740,-17.464730,495,13.196
BRT_01_shape_rev,14.711920,-17.464090,496,13.311
BRT_01_shape_rev,14.711430,-17.463650,497,13.383
BRT_01_shape_rev,14.711240,-17.463480,498,13.411
BRT_01_shape_rev,14.711000,-17.463270,499,13.446
BRT_01_shape_rev,14.710710,-17.463030,500,13.487
BRT_01_shape_rev,14.710590,-17.462920,501,13.505
BRT_01_shape_rev,14.710460,-17.462760,502,13.527
BRT_01_shape_rev,14.710400,-17.462690,503,13.537
BRT_01_shape_rev,14.709480,-17.461920,504,13.669
BRT_01_shape_rev,14.709390,-17.461850,505,13.681
BRT_01_shape_rev,14.709340,-17.461810,506,13.688
BRT_01_shape_rev,14.708960,-17.461480,507,13.744
BRT_01_shape_rev,14.708640,-17.461260,508,13.786
BRT_01_shape_rev,14.708370,-17.461050,509,13.824
BRT_01_shape_rev,14.707690,-17.460470,510,13.922
BRT_01_shape_rev,14.707600,-17.460400,511,13.934
BRT_01_shape_rev,14.707460,-17.460270,512,13.955
BRT_01_shape_rev,14.707350,-17.460160,513,13.972
BRT_01_shape_rev,14.707250,-17.460050,514,13.989
BRT_01_shape_rev,14.707130,-17.459940,515,14.006
BRT_01_shape_rev,14.707080,-17.459890,516,14.014
BRT_01_shape_rev,14.706930,-17.459750,517,14.037
BRT_01_shape_rev,14.706730,-17.459580,518,14.065
BRT_01_shape_rev,14.706410,-17.459280,519,14.114
BRT_01_shape_rev,14.706080,-17.459000,520,14.161
BRT_01_shape_rev,14.705720,-17.458690,521,14.213
BRT_01_shape_rev,14.705600,-17.458600,522,14.230
BRT_01_shape_rev,14.705390,-17.458410,523,14.261
BRT_01_shape_rev,14.705100,-17.458170,524,14.302
BRT_01_shape_rev,14.704830,-17.457950,525,14.340
BRT_01_shape_rev,14.704540,-17.457710,526,14.381
BRT_01_shape_rev,14.704460,-17.457640,527,14.393
BRT_01_shape_rev,14.704260,-17.457460,528,14.423
BRT_01_shape_rev,14.704060,-17.457280,529,14.452
BRT_01_shape_rev,14.703940,-17.457190,530,14.469
BRT_01_shape_rev,14.703650,-17.456940,531,14.511
BRT_01_shape_rev,14.703350,-17.456680,532,14.554
BRT_01_shape_rev,14.702900,-17.456300,533,14.619
BRT_01_shape_rev,14.702830,-17.456240,534,14.629
BRT_01_shape_rev,14.702190,-17.455690,535,14.721
BRT_01_shape_rev,14.701900,-17.455490,536,14.760
BRT_01_shape_rev,14.701800,-17.455410,537,14.774
BRT_01_shape_rev,14.701700,-17.455330,538,14.788
BRT_01_shape_rev,14.701450,-17.455120,539,14.824
BRT_01_shape_rev,14.701040,-17.454770,540,14.883
BRT_01_shape_rev,14.700910,-17.454680,541,14.901
BRT_01_shape_rev,14.700270,-17.454130,542,14.993
BRT_01_shape_rev,14.700150,-17.454040,543,15.010
BRT_01_shape_rev,14.700100,-17.453980,544,15.018
BRT_01_shape_rev,14.700000,-17.453870,545,15.034
BRT_01_shape_rev,14.699930,-17.453840,546,15.043
BRT_01_shape_rev,14.699870,-17.453780,547,15.052
BRT_01_shape_rev,14.699850,-17.453760,548,15.055
BRT_01_shape_rev,14.699750,-17.453690,549,15.069
BRT_01_shape_rev,14.699570,-17.453540,550,15.094
BRT_01_shape_rev,14.699370,-17.453360,551,15.124
BRT_01_shape_rev,14.698830,-17.452910,552,15.201
BRT_01_shape_rev,14.698800,-17.452880,553,15.205
BRT_01_shape_rev,14.698420,-17.452570,554,15.259
BRT_01_shape_rev,14.698250,-17.452450,555,15.282
BRT_01_shape_rev,14.698080,-17.452330,556,15.305
BRT_01_shape_rev,14.697900,-17.452170,557,15.331
BRT_01_shape_rev,14.697720,-17.452030,558,15.357
BRT_01_shape_rev,14.697380,-17.451750,559,15.405
BRT_01_shape_rev,14.697110,-17.451530,560,15.443
BRT_01_shape_rev,14.697030,-17.451450,561,15.455
BRT_01_shape_rev,14.696960,-17.451360,562,15.468
BRT_01_shape_rev,14.696900,-17.451310,563,15.476
BRT_01_shape_rev,14.696850,-17.451350,564,15.484
BRT_01_shape_rev,14.696770,-17.451410,565,15.494
BRT_01_shape_rev,14.696440,-17.451070,566,15.546
BRT_01_shape_rev,14.696380,-17.451010,567,15.556
BRT_01_shape_rev,14.696190,-17.450810,568,15.586
BRT_01_shape_rev,14.695930,-17.450560,569,15.625
BRT_01_shape_rev,14.695650,-17.450310,570,15.666
BRT_01_shape_rev,14.695460,-17.450160,571,15.693
BRT_01_shape_rev,14.695280,-17.450010,572,15.719
BRT_01_shape_rev,14.695030,-17.449790,573,15.755
BRT_01_shape_rev,14.694910,-17.449700,574,15.772
BRT_01_shape_rev,14.694810,-17.449610,575,15.786
BRT_01_shape_rev,14.693850,-17.448800,576,15.924
BRT_01_shape_rev,14.693810,-17.448770,577,15.930
BRT_01_shape_rev,14.693770,-17.448730,578,15.936
BRT_01_shape_rev,14.693700,-17.448680,579,15.945
BRT_01_shape_rev,14.693560,-17.448550,580,15.966
BRT_01_shape_rev,14.693470,-17.448480,581,15.979
BRT_01_shape_rev,14.693410,-17.448430,582,15.987
BRT_01_shape_rev,14.693000,-17.448070,583,16.047
BRT_01_shape_rev,14.692790,-17.447900,584,16.077
BRT_01_shape_rev,14.692710,-17.447840,585,16.088
BRT_01_shape_rev,14.692650,-17.447720,586,16.102
BRT_01_shape_rev,14.692600,-17.447680,587,16.109
BRT_01_shape_rev,14.692560,-17.447650,588,16.115
BRT_01_shape_rev,14.692480,-17.447630,589,16.124
BRT_01_shape_rev,14.692460,-17.447620,590,16.126
BRT_01_shape_rev,14.692190,-17.447520,591,16.158
BRT_01_shape_rev,14.691840,-17.447400,592,16.199
BRT_01_shape_rev,14.691380,-17.447220,593,16.254
BRT_01_shape_rev,14.691380,-17.447220,594,16.254
BRT_01_shape_rev,14.691270,-17.447190,595,16.267
BRT_01_shape_rev,14.690300,-17.446860,596,16.380
BRT_01_shape_rev,14.690200,-17.446820,597,16.392
BRT_01_shape_rev,14.689920,-17.446730,598,16.425
BRT_01_shape_rev,14.688830,-17.446360,599,16.552
BRT_01_shape_rev,14.687870,-17.446030,600,16.665
BRT_01_shape_rev,14.687600,-17.445940,601,16.696
BRT_01_shape_rev,14.687430,-17.445890,602,16.716
BRT_01_shape_rev,14.687070,-17.445770,603,16.758
BRT_01_shape_rev,14.686910,-17.445710,604,16.777
BRT_01_shape_rev,14.686650,-17.445620,605,16.808
BRT_01_shape_rev,14.685980,-17.445390,606,16.886
BRT_01_shape_rev,14.684990,-17.445060,607,17.002
BRT_01_shape_rev,14.684100,-17.444770,608,17.105
BRT_01_shape_rev,14.683850,-17.444680,609,17.135
BRT_01_shape_rev,14.683820,-17.444670,610,17.138
BRT_01_shape_rev,14.683770,-17.444650,611,17.144
BRT_01_shape_rev,14.683680,-17.444580,612,17.157
BRT_01_shape_rev,14.683670,-17.444540,613,17.161
BRT_01_shape_rev,14.683660,-17.444510,614,17.165
BRT_01_shape_rev,14.683640,-17.444480,615,17.169
BRT_01_shape_rev,14.683610,-17.444450,616,17.173
BRT_01_shape_rev,14.683570,-17.444420,617,17.179
BRT_01_shape_rev,14.683520,-17.444410,618,17.184
BRT_01_shape_rev,14.683470,-17.444400,619,17.190
BRT_01_shape_rev,14.683420,-17.444410,620,17.196
BRT_01_shape_rev,14.683390,-17.444430,621,17.200
BRT_01_shape_rev,14.683360,-17.444450,622,17.204
BRT_01_shape_rev,14.683130,-17.444370,623,17.231
BRT_01_shape_rev,14.682530,-17.444150,624,17.301
BRT_01_shape_rev,14.682530,-17.444150,625,17.301
BRT_01_shape_rev,14.682350,-17.444090,626,17.323
BRT_01_shape_rev,14.682120,-17.444020,627,17.349
BRT_01_shape_rev,14.681930,-17.443940,628,17.372
BRT_01_shape_rev,14.681880,-17.443920,629,17.378
BRT_01_shape_rev,14.681820,-17.443910,630,17.385
BRT_01_shape_rev,14.681470,-17.443850,631,17.424
BRT_01_shape_rev,14.681050,-17.443710,632,17.473
BRT_01_shape_rev,14.680760,-17.443620,633,17.507
BRT_01_shape_rev,14.680440,-17.443510,634,17.544
BRT_01_shape_rev,14.680170,-17.443390,635,17.577
BRT_01_shape_rev,14.680040,-17.443320,636,17.593
BRT_01_shape_rev,14.679830,-17.443180,637,17.621
BRT_01_shape_rev,14.679740,-17.443100,638,17.634
BRT_01_shape_rev,14.679710,-17.443070,639,17.639
BRT_01_shape_rev,14.679680,-17.443040,640,17.644
BRT_01_shape_rev,14.679520,-17.442910,641,17.666
BRT_01_shape_rev,14.679500,-17.442890,642,17.669
BRT_01_shape_rev,14.679460,-17.442850,643,17.676
BRT_01_shape_rev,14.678920,-17.442410,644,17.752
BRT_01_shape_rev,14.678710,-17.442230,645,17.782
BRT_01_shape_rev,14.678630,-17.442170,646,17.793
BRT_01_shape_rev,14.678170,-17.441770,647,17.860
BRT_01_shape_rev,14.677980,-17.441580,648,17.890
BRT_01_shape_rev,14.677890,-17.441500,649,17.903
BRT_01_shape_rev,14.677790,-17.441410,650,17.917
BRT_01_shape_rev,14.677190,-17.440890,651,18.005
BRT_01_shape_rev,14.676250,-17.440060,652,18.142
BRT_01_shape_rev,14.676090,-17.439910,653,18.166
BRT_01_shape_rev,14.675970,-17.439800,654,18.184
BRT_01_shape_rev,14.675860,-17.439840,655,18.197
BRT_01_shape_rev,14.675850,-17.439970,656,18.211
BRT_01_shape_rev,14.675930,-17.440100,657,18.227
BRT_01_shape_rev,14.675940,-17.440170,658,18.235
BRT_01_shape_rev,14.675940,-17.440280,659,18.247
BRT_01_shape_rev,14.675910,-17.440370,660,18.257
BRT_01_shape_rev,14.675880,-17.440450,661,18.266
BRT_01_shape_rev,14.675860,-17.440490,662,18.271
BRT_01_shape_rev,14.675840,-17.440530,663,18.276
BRT_01_shape_rev,14.675800,-17.440580,664,18.283
BRT_01_shape_rev,14.675730,-17.440630,665,18.292
BRT_01_shape_rev,14.675590,-17.440680,666,18.309
BRT_01_shape_rev,14.675530,-17.440730,667,18.318
BRT_01_shape_rev,14.675510,-17.440760,668,18.321
BRT_01_shape_rev,14.675490,-17.440800,669,18.326
BRT_01_shape_rev,14.675730,-17.441780,670,18.435
BRT_01_shape_rev,14.675770,-17.441790,671,18.440
BRT_01_shape_rev,14.675800,-17.441780,672,18.443
BRT_01_shape_rev,14.675810,-17.441760,673,18.446
BRT_01_shape_rev,14.675800,-17.441720,674,18.450
BRT_01_shape_rev,14.675710,-17.441330,675,18.493
TER_01_shape_rev,14.716056,-17.198439,1,0.000
TER_01_shape_rev,14.715515,-17.199022,2,0.087
TER_01_shape_rev,14.713389,-17.201278,3,0.426
TER_01_shape_rev,14.713298,-17.201375,4,0.440
TER_01_shape_rev,14.711749,-17.203032,5,0.688
TER_01_shape_rev,14.711365,-17.203445,6,0.750
TER_01_shape_rev,14.711177,-17.203643,7,0.779
TER_01_shape_rev,14.710889,-17.203950,8,0.826
TER_01_shape_rev,14.710565,-17.204301,9,0.878
TER_01_shape_rev,14.710524,-17.204343,10,0.884
TER_01_shape_rev,14.710103,-17.204782,11,0.951
TER_01_shape_rev,14.709564,-17.205376,12,1.038
TER_01_shape_rev,14.708239,-17.206762,13,1.248
TER_01_shape_rev,14.707127,-17.207930,14,1.424
TER_01_shape_rev,14.706524,-17.208567,15,1.520
TER_01_shape_rev,14.706077,-17.209054,16,1.592
TER_01_shape_rev,14.705894,-17.209267,17,1.623
TER_01_shape_rev,14.705658,-17.209556,18,1.663
TER_01_shape_rev,14.705422,-17.209878,19,1.707
TER_01_shape_rev,14.705213,-17.210185,20,1.747
TER_01_shape_rev,14.705013,-17.210519,21,1.789
TER_01_shape_rev,14.704813,-17.210884,22,1.835
TER_01_shape_rev,14.704689,-17.211133,23,1.865
TER_01_shape_rev,14.704559,-17.211418,24,1.899
TER_01_shape_rev,14.704439,-17.211713,25,1.933
TER_01_shape_rev,14.704290,-17.212114,26,1.979
TER_01_shape_rev,14.700846,-17.221634,27,3.072
TER_01_shape_rev,14.699304,-17.225984,28,3.571
TER_01_shape_rev,14.699255,-17.226121,29,3.586
TER_01_shape_rev,14.698179,-17.229166,30,3.935
TER_01_shape_rev,14.697898,-17.229947,31,4.025
TER_01_shape_rev,14.696816,-17.232905,32,4.365
TER_01_shape_rev,14.696558,-17.233665,33,4.451
TER_01_shape_rev,14.696457,-17.234014,34,4.491
TER_01_shape_rev,14.696377,-17.234386,35,4.532
TER_01_shape_rev,14.696310,-17.234800,36,4.577
TER_01_shape_rev,14.696268,-17.235209,37,4.621
TER_01_shape_rev,14.696257,-17.235580,38,4.661
TER_01_shape_rev,14.696273,-17.235962,39,4.702
TER_01_shape_rev,14.696309,-17.236339,40,4.743
TER_01_shape_rev,14.696361,-17.236661,41,4.778
TER_01_shape_rev,14.696444,-17.237034,42,4.819
TER_01_shape_rev,14.696548,-17.237385,43,4.859
TER_01_shape_rev,14.696663,-17.237730,44,4.898
TER_01_shape_rev,14.696796,-17.238038,45,4.934
TER_01_shape_rev,14.696957,-17.238361,46,4.973
TER_01_shape_rev,14.697142,-17.238693,47,5.014
TER_01_shape_rev,14.697346,-17.239000,48,5.054
TER_01_shape_rev,14.697750,-17.239550,49,5.129
TER_01_shape_rev,14.702292,-17.245368,50,5.933
TER_01_shape_rev,14.703069,-17.246384,51,6.072
TER_01_shape_rev,14.703550,-17.247049,52,6.162
TER_01_shape_rev,14.703973,-17.247697,53,6.246
TER_01_shape_rev,14.704356,-17.248296,54,6.323
TER_01_shape_rev,14.704907,-17.249207,55,6.438
TER_01_shape_rev,14.708079,-17.254496,56,7.108
TER_01_shape_rev,14.713962,-17.264308,57,8.349
TER_01_shape_rev,14.714413,-17.265058,58,8.444
TER_01_shape_rev,14.714536,-17.265280,59,8.472
TER_01_shape_rev,14.714640,-17.265496,60,8.498
TER_01_shape_rev,14.714771,-17.265810,61,8.534
TER_01_shape_rev,14.714889,-17.266171,62,8.575
TER_01_shape_rev,14.715293,-17.267635,63,8.739
TER_01_shape_rev,14.715959,-17.270047,64,9.009
TER_01_shape_rev,14.716233,-17.271038,65,9.120
TER_01_shape_rev,14.716406,-17.271557,66,9.179
TER_01_shape_rev,14.716530,-17.271874,67,9.216
TER_01_shape_rev,14.716633,-17.272102,68,9.243
TER_01_shape_rev,14.716799,-17.272447,69,9.284
TER_01_shape_rev,14.717080,-17.272977,70,9.349
TER_01_shape_rev,14.717164,-17.273137,71,9.369
TER_01_shape_rev,14.717646,-17.274016,72,9.477
TER_01_shape_rev,14.718142,-17.274908,73,9.588
TER_01_shape_rev,14.720374,-17.278986,74,10.092
TER_01_shape_rev,14.722825,-17.283332,75,10.633
TER_01_shape_rev,14.723182,-17.283987,76,10.714
TER_01_shape_rev,14.723560,-17.284681,77,10.800
TER_01_shape_rev,14.726810,-17.290649,78,11.536
TER_01_shape_rev,14.734455,-17.304547,79,13.256
TER_01_shape_rev,14.734655,-17.304913,80,13.301
TER_01_shape_rev,14.734909,-17.305334,81,13.354
TER_01_shape_rev,14.735158,-17.305696,82,13.402
TER_01_shape_rev,14.735431,-17.306045,83,13.450
TER_01_shape_rev,14.735725,-17.306394,84,13.500
TER_01_shape_rev,14.736012,-17.306702,85,13.546
TER_01_shape_rev,14.736331,-17.307007,86,13.594
TER_01_shape_rev,14.743843,-17.313710,87,14.698
TER_01_shape_rev,14.744449,-17.314250,88,14.786
TER_01_shape_rev,14.745382,-17.315112,89,14.926
TER_01_shape_rev,14.745788,-17.315535,90,14.990
TER_01_shape_rev,14.746063,-17.315862,91,15.036
TER_01_shape_rev,14.746337,-17.316215,92,15.085
TER_01_shape_rev,14.746608,-17.316593,93,15.136
TER_01_shape_rev,14.746857,-17.316980,94,15.186
TER_01_shape_rev,14.747066,-17.317340,95,15.231
TER_01_shape_rev,14.747282,-17.317751,96,15.281
TER_01_shape_rev,14.747476,-17.318173,97,15.331
TER_01_shape_rev,14.747797,-17.318937,98,15.421
TER_01_shape_rev,14.748138,-17.319747,99,15.516
TER_01_shape_rev,14.748337,-17.320166,100,15.566
TER_01_shape_rev,14.748561,-17.320569,101,15.616
TER_01_shape_rev,14.748774,-17.320927,102,15.661
TER_01_shape_rev,14.749024,-17.321308,103,15.711
TER_01_shape_rev,14.749299,-17.321677,104,15.761
TER_01_shape_rev,14.749595,-17.322031,105,15.811
TER_01_shape_rev,14.750142,-17.322647,106,15.901
TER_01_shape_rev,14.754314,-17.327214,107,16.577
TER_01_shape_rev,14.754614,-17.327567,108,16.627
TER_01_shape_rev,14.754902,-17.327927,109,16.677
TER_01_shape_rev,14.755155,-17.328255,110,16.722
TER_01_shape_rev,14.755409,-17.328628,111,16.772
TER_01_shape_rev,14.755686,-17.329053,112,16.827
TER_01_shape_rev,14.755952,-17.329497,113,16.883
TER_01_shape_rev,14.756144,-17.329860,114,16.927
TER_01_shape_rev,14.756389,-17.330318,115,16.984
TER_01_shape_rev,14.756612,-17.330780,116,17.039
TER_01_shape_rev,14.756802,-17.331247,117,17.094
TER_01_shape_rev,14.756960,-17.331656,118,17.141
TER_01_shape_rev,14.757134,-17.332140,119,17.197
TER_01_shape_rev,14.757280,-17.332632,120,17.252
TER_01_shape_rev,14.757411,-17.333123,121,17.307
TER_01_shape_rev,14.757501,-17.333507,122,17.349
TER_01_shape_rev,14.757612,-17.334011,123,17.405
TER_01_shape_rev,14.758755,-17.339451,124,18.003
TER_01_shape_rev,14.758849,-17.339853,125,18.048
TER_01_shape_rev,14.758940,-17.340184,126,18.085
TER_01_shape_rev,14.759043,-17.340477,127,18.118
TER_01_shape_rev,14.759176,-17.340772,128,18.153
TER_01_shape_rev,14.759328,-17.341064,129,18.189
TER_01_shape_rev,14.759498,-17.341335,130,18.224
TER_01_shape_rev,14.759659,-17.341555,131,18.253
TER_01_shape_rev,14.759867,-17.341796,132,18.288
TER_01_shape_rev,14.760302,-17.342191,133,18.352
TER_01_shape_rev,14.760413,-17.342283,134,18.368
TER_01_shape_rev,14.760577,-17.342394,135,18.390
TER_01_shape_rev,14.761954,-17.343285,136,18.571
TER_01_shape_rev,14.762267,-17.343509,137,18.613
TER_01_shape_rev,14.762533,-17.343731,138,18.651
TER_01_shape_rev,14.762765,-17.343950,139,18.686
TER_01_shape_rev,14.763012,-17.344214,140,18.725
TER_01_shape_rev,14.763237,-17.344492,141,18.764
TER_01_shape_rev,14.763448,-17.344800,142,18.805
TER_01_shape_rev,14.763613,-17.345077,143,18.840
TER_01_shape_rev,14.763783,-17.345405,144,18.880
TER_01_shape_rev,14.763925,-17.345746,145,18.920
TER_01_shape_rev,14.764048,-17.346089,146,18.959
TER_01_shape_rev,14.764178,-17.346483,147,19.004
TER_01_shape_rev,14.764920,-17.348636,148,19.250
TER_01_shape_rev,14.765123,-17.349356,149,19.330
TER_01_shape_rev,14.765209,-17.349675,150,19.366
TER_01_shape_rev,14.765272,-17.349964,151,19.398
TER_01_shape_rev,14.765323,-17.350275,152,19.432
TER_01_shape_rev,14.765367,-17.350657,153,19.473
TER_01_shape_rev,14.765401,-17.351113,154,19.522
TER_01_shape_rev,14.765411,-17.351460,155,19.560
TER_01_shape_rev,14.765401,-17.351879,156,19.605
TER_01_shape_rev,14.765365,-17.352311,157,19.651
TER_01_shape_rev,14.765212,-17.353729,158,19.805
TER_01_shape_rev,14.765123,-17.354452,159,19.883
TER_01_shape_rev,14.764978,-17.355785,160,20.027
TER_01_shape_rev,14.764895,-17.356529,161,20.108
TER_01_shape_rev,14.764809,-17.357291,162,20.190
TER_01_shape_rev,14.764667,-17.358509,163,20.322
TER_01_shape_rev,14.764655,-17.358640,164,20.336
TER_01_shape_rev,14.764197,-17.362658,165,20.771
TER_01_shape_rev,14.763844,-17.365737,166,21.105
TER_01_shape_rev,14.763725,-17.366614,167,21.200
TER_01_shape_rev,14.763573,-17.367531,168,21.300
TER_01_shape_rev,14.763179,-17.369418,169,21.508
TER_01_shape_rev,14.762949,-17.370349,170,21.611
TER_01_shape_rev,14.762553,-17.371713,171,21.764
TER_01_shape_rev,14.762111,-17.372971,172,21.908
TER_01_shape_rev,14.761926,-17.373447,173,21.963
TER_01_shape_rev,14.761738,-17.373931,174,22.019
TER_01_shape_rev,14.761184,-17.375235,175,22.172
TER_01_shape_rev,14.759113,-17.379552,176,22.691
TER_01_shape_rev,14.758769,-17.380260,177,22.776
TER_01_shape_rev,14.758438,-17.380941,178,22.858
TER_01_shape_rev,14.757962,-17.381907,179,22.974
TER_01_shape_rev,14.757160,-17.383551,180,23.172
TER_01_shape_rev,14.756969,-17.383918,181,23.217
TER_01_shape_rev,14.756765,-17.384285,182,23.263
TER_01_shape_rev,14.756302,-17.385034,183,23.358
TER_01_shape_rev,14.756048,-17.385399,184,23.407
TER_01_shape_rev,14.755833,-17.385694,185,23.446
TER_01_shape_rev,14.755548,-17.386060,186,23.497
TER_01_shape_rev,14.755256,-17.386417,187,23.547
TER_01_shape_rev,14.754964,-17.386764,188,23.597
TER_01_shape_rev,14.754666,-17.387101,189,23.646
TER_01_shape_rev,14.754325,-17.387449,190,23.699
TER_01_shape_rev,14.752735,-17.388943,191,23.938
TER_01_shape_rev,14.752128,-17.389514,192,24.029
TER_01_shape_rev,14.750433,-17.391135,193,24.286
TER_01_shape_rev,14.749912,-17.391626,194,24.364
TER_01_shape_rev,14.749337,-17.392168,195,24.451
TER_01_shape_rev,14.748285,-17.393177,196,24.610
TER_01_shape_rev,14.747478,-17.393927,197,24.731
TER_01_shape_rev,14.747121,-17.394238,198,24.783
TER_01_shape_rev,14.746369,-17.394826,199,24.888
TER_01_shape_rev,14.745662,-17.395350,200,24.984
TER_01_shape_rev,14.744952,-17.395875,201,25.081
TER_01_shape_rev,14.744116,-17.396549,202,25.199
TER_01_shape_rev,14.743642,-17.396933,203,25.266
TER_01_shape_rev,14.742710,-17.397672,204,25.397
TER_01_shape_rev,14.742482,-17.397857,205,25.429
TER_01_shape_rev,14.742330,-17.397989,206,25.451
TER_01_shape_rev,14.742167,-17.398141,207,25.476
TER_01_shape_rev,14.742007,-17.398302,208,25.500
TER_01_shape_rev,14.741023,-17.399379,209,25.660
TER_01_shape_rev,14.740821,-17.399628,210,25.695
TER_01_shape_rev,14.740643,-17.399894,211,25.729
TER_01_shape_rev,14.740512,-17.400122,212,25.758
TER_01_shape_rev,14.740423,-17.400294,213,25.779
TER_01_shape_rev,14.740344,-17.400470,214,25.800
TER_01_shape_rev,14.740243,-17.400741,215,25.831
TER_01_shape_rev,14.740171,-17.400969,216,25.857
TER_01_shape_rev,14.740105,-17.401261,217,25.889
TER_01_shape_rev,14.739843,-17.402778,218,26.055
TER_01_shape_rev,14.739715,-17.403525,219,26.136
TER_01_shape_rev,14.738215,-17.411832,220,27.045
TER_01_shape_rev,14.738133,-17.412215,221,27.087
TER_01_shape_rev,14.738067,-17.412457,222,27.114
TER_01_shape_rev,14.738000,-17.412673,223,27.139
TER_01_shape_rev,14.737944,-17.412837,224,27.157
TER_01_shape_rev,14.737871,-17.413023,225,27.179
TER_01_shape_rev,14.737798,-17.413186,226,27.198
TER_01_shape_rev,14.737692,-17.413388,227,27.223
TER_01_shape_rev,14.737490,-17.413739,228,27.267
TER_01_shape_rev,14.737112,-17.414377,229,27.347
TER_01_shape_rev,14.734661,-17.418297,230,27.849
TER_01_shape_rev,14.734255,-17.418950,231,27.933
TER_01_shape_rev,14.731544,-17.423360,232,28.495
TER_01_shape_rev,14.729003,-17.427517,233,29.024
TER_01_shape_rev,14.728799,-17.427812,234,29.063
TER_01_shape_rev,14.728695,-17.427955,235,29.082
TER_01_shape_rev,14.728419,-17.428300,236,29.130
TER_01_shape_rev,14.728256,-17.428479,237,29.156
TER_01_shape_rev,14.728106,-17.428632,238,29.180
TER_01_shape_rev,14.727918,-17.428816,239,29.209
TER_01_shape_rev,14.727779,-17.428939,240,29.229
TER_01_shape_rev,14.727308,-17.429315,241,29.295
TER_01_shape_rev,14.727129,-17.429433,242,29.319
TER_01_shape_rev,14.726885,-17.429591,243,29.351
TER_01_shape_rev,14.726570,-17.429753,244,29.390
TER_01_shape_rev,14.722869,-17.431668,245,29.850
TER_01_shape_rev,14.722177,-17.432012,246,29.936
TER_01_shape_rev,14.721464,-17.432359,247,30.023
TER_01_shape_rev,14.720781,-17.432660,248,30.106
TER_01_shape_rev,14.717912,-17.434069,249,30.459
TER_01_shape_rev,14.717319,-17.434392,250,30.533
TER_01_shape_rev,14.717066,-17.434569,251,30.567
TER_01_shape_rev,14.716823,-17.434774,252,30.602
TER_01_shape_rev,14.716590,-17.435012,253,30.639
TER_01_shape_rev,14.716397,-17.435238,254,30.671
TER_01_shape_rev,14.716205,-17.435486,255,30.705
TER_01_shape_rev,14.716033,-17.435769,256,30.741
TER_01_shape_rev,14.715886,-17.436060,257,30.776
TER_01_shape_rev,14.715738,-17.436394,258,30.816
TER_01_shape_rev,14.715609,-17.436744,259,30.856
TER_01_shape_rev,14.715458,-17.437136,260,30.902
TER_01_shape_rev,14.715338,-17.437486,261,30.942
TER_01_shape_rev,14.715206,-17.437828,262,30.981
TER_01_shape_rev,14.715092,-17.438106,263,31.014
TER_01_shape_rev,14.714945,-17.438391,264,31.048
TER_01_shape_rev,14.714789,-17.438662,265,31.082
TER_01_shape_rev,14.714613,-17.438926,266,31.117
TER_01_shape_rev,14.714405,-17.439187,267,31.153
TER_01_shape_rev,14.714167,-17.439465,268,31.193
TER_01_shape_rev,14.713901,-17.439708,269,31.233
TER_01_shape_rev,14.713636,-17.439940,270,31.271
TER_01_shape_rev,14.713382,-17.440134,271,31.306
TER_01_shape_rev,14.713142,-17.440288,272,31.338
TER_01_shape_rev,14.712810,-17.440489,273,31.381
TER_01_shape_rev,14.712680,-17.440560,274,31.397
TER_01_shape_rev,14.712523,-17.440631,275,31.416
TER_01_shape_rev,14.712208,-17.440749,276,31.453
TER_01_shape_rev,14.711901,-17.440852,277,31.489
TER_01_shape_rev,14.711644,-17.440911,278,31.518
TER_01_shape_rev,14.711381,-17.440970,279,31.548
TER_01_shape_rev,14.711138,-17.441008,280,31.576
TER_01_shape_rev,14.710807,-17.441040,281,31.613
TER_01_shape_rev,14.706119,-17.441354,282,32.135
TER_01_shape_rev,14.703212,-17.441541,283,32.459
TER_01_shape_rev,14.702394,-17.441543,284,32.550
TER_01_shape_rev,14.701954,-17.441538,285,32.599
TER_01_shape_rev,14.701361,-17.441564,286,32.665
TER_01_shape_rev,14.700434,-17.441626,287,32.768
TER_01_shape_rev,14.697427,-17.441823,288,33.103
TER_01_shape_rev,14.695802,-17.441934,289,33.284
TER_01_shape_rev,14.695588,-17.441941,290,33.308
TER_01_shape_rev,14.695349,-17.441947,291,33.335
TER_01_shape_rev,14.694957,-17.441938,292,33.378
TER_01_shape_rev,14.694567,-17.441908,293,33.422
TER_01_shape_rev,14.694162,-17.441855,294,33.467
TER_01_shape_rev,14.693830,-17.441791,295,33.505
TER_01_shape_rev,14.693502,-17.441717,296,33.542
TER_01_shape_rev,14.692953,-17.441549,297,33.606
TER_01_shape_rev,14.692593,-17.441411,298,33.648
TER_01_shape_rev,14.692299,-17.441285,299,33.684
TER_01_shape_rev,14.691245,-17.440751,300,33.814
TER_01_shape_rev,14.690542,-17.440382,301,33.902
TER_01_shape_rev,14.689927,-17.440058,302,33.979
TER_01_shape_rev,14.689367,-17.439777,303,34.048
TER_01_shape_rev,14.687565,-17.438848,304,34.272
TER_01_shape_rev,14.687366,-17.438748,305,34.296
TER_01_shape_rev,14.687115,-17.438638,306,34.327
TER_01_shape_rev,14.686901,-17.438550,307,34.352
TER_01_shape_rev,14.686593,-17.438433,308,34.389
TER_01_shape_rev,14.683035,-17.437162,309,34.807
TER_01_shape_rev,14.682668,-17.437024,310,34.851
TER_01_shape_rev,14.682301,-17.436867,311,34.895
TER_01_shape_rev,14.682035,-17.436746,312,34.927
TER_01_shape_rev,14.681198,-17.436276,313,35.033
TER_01_shape_rev,14.680324,-17.435800,314,35.143
TER_01_shape_rev,14.680187,-17.435724,315,35.160
TER_01_shape_rev,14.679619,-17.435406,316,35.232
TER_01_shape_rev,14.679176,-17.435170,317,35.287
TER_01_shape_rev,14.678115,-17.434587,318,35.421
TER_01_shape_rev,14.676395,-17.433643,319,35.638
TER_01_shape_rev,14.676075,-17.433467,320,35.678
